com.samsung.shealth.insight_message,6311013,2
is_ai_generated,feedback_type,service_id,description,exposure_uri,condition_id,msg_id,update_time,create_time,is_viewed,tag,category,title,deviceuuid,pkg_name,datauuid,day_time
1,0,tracker.vitality,Consumir alcohol o comer tarde puede afectar la calidad de tu sueño y tu variabilidad de la frecuencia cardíaca. Considera evitar el alcohol y los alimentos nocturnos para mejorar tu descanso. Trabaja en mantener una rutina de sueño más regular. ¡Sigue así y mejora tu energía!,intent:#Intent;action=com.samsung.android.app.shealth.intent.action.INSIGHT_HA_LOGGING_CARD_EXPOSED;package=com.sec.android.app.shealth;S.card_id=24738__36601;S.extra_llm_type=llm;S.tracker_id=tracker.vitality;end,behavior_check_before_sleep_72,behavior_check_before_sleep_72,2025-09-17 10:40:37.891,2025-09-17 10:40:37.891,0,24738,VS_VITALITYSCORE,Mejora tu sueño,5sl+lZ1Pby,com.sec.android.app.shealth,54a8fff8-3029-476d-a09a-04d8d12bc025,1758067200000,
1,0,tracker.vitality,"Tu puntuación de energía es buena hoy, reflejo de tu constante y duro trabajo para controlar tu salud. Mantén esta energía durante todo el día y enorgullécete de ti mismo. Considera mantener tu tiempo de actividad en 1 hora y 17 minutos para mejorar aún más tu puntuación de energía. ¡Sigue así y enfócate en tus metas de salud!",intent:#Intent;action=com.samsung.android.app.shealth.intent.action.INSIGHT_HA_LOGGING_CARD_EXPOSED;package=com.sec.android.app.shealth;S.card_id=24734__36597;S.extra_llm_type=llm;S.tracker_id=tracker.vitality;end,score_76,score_76,2025-09-21 10:41:06.170,2025-09-21 10:41:06.170,0,24734,VS_VITALITYSCORE,¡Sigue así!,5sl+lZ1Pby,com.sec.android.app.shealth,a72d707e-13a1-44ec-9864-b788daf96d9b,1758412800000,
1,0,tracker.vitality,"Tu VFC durante el sueño ha seguido desviándose considerablemente de su nivel estándar, lo que probablemente sea consecuencia del estrés. Considera dedicar tiempo a descansar y a realizar actividades que alivien el estrés. Esto puede mejorar tu Puntuación de Energía, que actualmente es buena. ¡Sigue así y prioriza tu bienestar!",intent:#Intent;action=com.samsung.android.app.shealth.intent.action.INSIGHT_HA_LOGGING_CARD_EXPOSED;package=com.sec.android.app.shealth;S.card_id=24684__36567;S.extra_llm_type=llm;S.tracker_id=tracker.vitality;end,shrv_balance_59,shrv_balance_59,2025-09-22 10:55:18.318,2025-09-22 10:55:18.318,0,24684,VS_VITALITYSCORE,Descanso y relajación,5sl+lZ1Pby,com.sec.android.app.shealth,88a33d55-47cc-4eac-add0-fbfe82d8d3e4,1758499200000,
1,0,tracker.vitality,"Tu VFC durante el sueño volvió a su rango habitual, lo que indica recuperación y equilibrio. Continúa con tus hábitos saludables actuales, como la actividad regular y un sueño adecuado, para mantener tu VFC durante el sueño constante. Considera mantener tu nivel de actividad y sueño regular para mejorar tu puntuación de energía. ¡Sigue así y mantén tu equilibrio!",intent:#Intent;action=com.samsung.android.app.shealth.intent.action.INSIGHT_HA_LOGGING_CARD_EXPOSED;package=com.sec.android.app.shealth;S.card_id=24677__36563;S.extra_llm_type=llm;S.tracker_id=tracker.vitality;end,shrv_balance_57,shrv_balance_57,2025-09-23 11:25:27.298,2025-09-23 11:25:27.298,0,24677,VS_VITALITYSCORE,Equilibrio y recuperación,5sl+lZ1Pby,com.sec.android.app.shealth,d03210e1-3491-4912-9636-4bdf52774e54,1758585600000,
1,0,tracker.vitality,"Tu tiempo de actividad de ayer fue de 4 horas y 12 minutos, lo cual es un poco excesivo. Esto puede afectar tu salud. Considera reducir tu tiempo de actividad a 1 hora y 52 minutos hoy. Mantén un plan de ejercicio uniforme y fácil de seguir para mejorar tu energía. ¡Sigue así!",intent:#Intent;action=com.samsung.android.app.shealth.intent.action.INSIGHT_HA_LOGGING_CARD_EXPOSED;package=com.sec.android.app.shealth;S.card_id=24747__36607;S.extra_llm_type=llm;S.tracker_id=tracker.vitality;end,active_time_81,active_time_81,2025-09-26 12:36:50.632,2025-09-26 12:36:50.632,0,24747,VS_VITALITYSCORE,Equilibra tu actividad,5sl+lZ1Pby,com.sec.android.app.shealth,8578b580-e5c7-48b5-930a-603cf788a615,1758844800000,
1,0,tracker.vitality,"Tu puntuación de energía es buena hoy, reflejo de tu constante y duro trabajo para controlar tu salud. Mantén esta energía durante todo el día y enorgullécete de ti mismo. Considera aumentar tu tiempo de sueño a 8 horas para mejorar aún más tu energía. ¡Sigue así y enfócate en tu bienestar!",intent:#Intent;action=com.samsung.android.app.shealth.intent.action.INSIGHT_HA_LOGGING_CARD_EXPOSED;package=com.sec.android.app.shealth;S.card_id=24734__36597;S.extra_llm_type=llm;S.tracker_id=tracker.vitality;end,score_76,score_76,2025-09-27 14:57:58.691,2025-09-27 14:57:58.691,0,24734,VS_VITALITYSCORE,¡Sigue así!,5sl+lZ1Pby,com.sec.android.app.shealth,69396115-9910-4006-94ae-ab01b4dbc417,1758931200000,
1,0,tracker.vitality,"Tu tiempo de ejercicio moderado a vigoroso ayer fue adecuado, lo que contribuye a una buena puntuación de energía de 78. Mantén esta consistencia en tu rutina de ejercicio. Considera mejorar tu tiempo de sueño promedio de 6 horas y 17 minutos para alcanzar 8 horas. ¡Sigue así y enfócate en tu bienestar!",intent:#Intent;action=com.samsung.android.app.shealth.intent.action.INSIGHT_HA_LOGGING_CARD_EXPOSED;package=com.sec.android.app.shealth;S.card_id=24935__36750;S.extra_llm_type=llm;S.tracker_id=tracker.vitality;end,exercise_time_43,exercise_time_43,2025-09-28 06:00:23.434,2025-09-28 06:00:23.434,0,24935,VS_VITALITYSCORE,Consistencia es clave,5sl+lZ1Pby,com.sec.android.app.shealth,b2981255-5c69-429b-a6a0-bc893de3e0c6,1759017600000,
1,0,tracker.vitality,"Tu puntuación de energía es buena hoy, reflejo de tu constante esfuerzo para gestionar tu salud. Considera aumentar tu tiempo de sueño promedio a 8 horas para mejorar aún más tu energía. Mantén tu buen trabajo y sigue enfocándote en tus objetivos de salud. ¡Tú puedes!",intent:#Intent;action=com.samsung.android.app.shealth.intent.action.INSIGHT_HA_LOGGING_CARD_EXPOSED;package=com.sec.android.app.shealth;S.card_id=25032__36812;S.extra_llm_type=llm;S.tracker_id=tracker.vitality;end,score_76,score_76,2025-09-29 06:39:06.804,2025-09-29 06:39:06.804,0,25032,VS_VITALITYSCORE,¡Sigue así!,5sl+lZ1Pby,com.sec.android.app.shealth,e528124d-af7c-4511-92df-7d58f68d7c21,1759104000000,
1,0,tracker.vitality,"Tu tiempo de actividad es un poco excesivo, lo que puede afectar negativamente tu salud. Ayer tuviste 3 horas y 55 minutos de actividad, superando tu promedio de 2 horas y 11 minutos. Hoy, intenta mantenerte en 2 horas y 10 minutos de actividad. Sigue trabajando en un plan de fitness equilibrado y sostenible.",intent:#Intent;action=com.samsung.android.app.shealth.intent.action.INSIGHT_HA_LOGGING_CARD_EXPOSED;package=com.sec.android.app.shealth;S.card_id=25048__36822;S.extra_llm_type=llm;S.tracker_id=tracker.vitality;end,active_time_81,active_time_81,2025-09-30 06:21:02.878,2025-09-30 06:21:02.878,0,25048,VS_VITALITYSCORE,Equilibra tu actividad,5sl+lZ1Pby,com.sec.android.app.shealth,02c4f512-4c59-4ce6-97e3-36dc5b463bc2,1759190400000,
0,0,tracker.vitality,"Aunque su tiempo de actividad disminuyó recientemente, se trata de un cambio positivo. De hecho, un aumento repentino en la actividad física puede suponer a veces una sobrecarga para el organismo. Es mejor que siga equilibrando el descanso y la actividad por ahora.",intent:#Intent;action=com.samsung.android.app.shealth.intent.action.INSIGHT_HA_LOGGING_CARD_EXPOSED;package=com.sec.android.app.shealth;S.card_id=24898__36728;S.extra_llm_type=rule;S.tracker_id=tracker.vitality;end,active_time_31,AT-5-1,2025-10-01 13:31:20.152,2025-10-01 13:31:20.152,0,24898,VS_VITALITYSCORE,Hora de recargar,5sl+lZ1Pby,com.sec.android.app.shealth,dd8be300-a55a-4acb-a5f2-35f4f485724b,1759276800000,
1,0,tracker.vitality,"Tu puntuación de energía es excelente hoy, lo que indica que estás en buena forma. Considera aumentar la intensidad de tu actividad física o planear un nuevo desafío. Mantén tu buen trabajo y sigue priorizando tu salud. ¡Sigue así y alcanzarás tus metas!",intent:#Intent;action=com.samsung.android.app.shealth.intent.action.INSIGHT_HA_LOGGING_CARD_EXPOSED;package=com.sec.android.app.shealth;S.card_id=25025__36806;S.extra_llm_type=llm;S.tracker_id=tracker.vitality;end,score_75,score_75,2025-10-03 08:04:17.724,2025-10-03 08:04:17.724,0,25025,VS_VITALITYSCORE,¡Aprovecha tu energía!,5sl+lZ1Pby,com.sec.android.app.shealth,04efd70e-764b-45b6-a9d5-3881fc9b5dca,1759449600000,
1,0,tracker.vitality,"Tu patrón de sueño se está volviendo más regular, lo cual contribuye a tu salud general. Mantén esta rutina y prioriza una buena higiene del sueño. Considera seguir con tu horario de dormir y despertar para mantener tu excelente puntuación de energía. ¡Sigue así y enfócate en tu bienestar!",intent:#Intent;action=com.samsung.android.app.shealth.intent.action.INSIGHT_HA_LOGGING_CARD_EXPOSED;package=com.sec.android.app.shealth;S.card_id=24877__36714;S.extra_llm_type=llm;S.tracker_id=tracker.vitality;end,sleep_regularity_15,sleep_regularity_15,2025-10-04 07:03:57.254,2025-10-04 07:03:57.254,0,24877,VS_VITALITYSCORE,¡Sigue así!,5sl+lZ1Pby,com.sec.android.app.shealth,f9872b04-5386-44fc-abea-36d7d1d59032,1759536000000,
1,0,tracker.vitality,Consumir alcohol o comer tarde afecta la calidad del sueño y la variabilidad de la frecuencia cardíaca. Considera evitar el alcohol y los alimentos nocturnos para mejorar tu descanso. Trabaja en mantener una rutina de sueño más regular. ¡Sigue así y mejora tu energía!,intent:#Intent;action=com.samsung.android.app.shealth.intent.action.INSIGHT_HA_LOGGING_CARD_EXPOSED;package=com.sec.android.app.shealth;S.card_id=25039__36816;S.extra_llm_type=llm;S.tracker_id=tracker.vitality;end,behavior_check_before_sleep_72,behavior_check_before_sleep_72,2025-10-05 10:37:04.474,2025-10-05 10:37:04.474,0,25039,VS_VITALITYSCORE,Mejora tu sueño,5sl+lZ1Pby,com.sec.android.app.shealth,aacf2701-ad61-484c-9b44-59028dfaf3d6,1759622400000,
1,0,tracker.vitality,"Your sleeping heart rate variability is excellent, indicating recovery and balance. This stability is key to maintaining your energy score. Continue with your current healthy habits, including regular activity and adequate sleep. Aim for consistent activity levels to keep your energy score high. Keep up the great work!",intent:#Intent;action=com.samsung.android.app.shealth.intent.action.INSIGHT_HA_LOGGING_CARD_EXPOSED;package=com.sec.android.app.shealth;S.card_id=24977__36778;S.extra_llm_type=llm;S.tracker_id=tracker.vitality;end,shrv_balance_57,shrv_balance_57,2025-10-06 05:30:45.623,2025-10-06 05:30:45.623,0,24977,VS_VITALITYSCORE,Maintain Your Balance,5sl+lZ1Pby,com.sec.android.app.shealth,89f52baa-b452-4567-977c-cd7af9a11465,1759708800000,
1,0,tracker.vitality,"Your sleeping heart rate is excellent and stable, indicating good recovery. Your energy score is also excellent, showing consistent effort. Continue with your current routine to maintain this balance. Consider incorporating stress-reducing activities to keep your stress levels manageable. Keep up the great work!",intent:#Intent;action=com.samsung.android.app.shealth.intent.action.INSIGHT_HA_LOGGING_CARD_EXPOSED;package=com.sec.android.app.shealth;S.card_id=25006__36794;S.extra_llm_type=llm;S.tracker_id=tracker.vitality;end,shr_balance_65,shr_balance_65,2025-10-07 05:18:10.987,2025-10-07 05:18:10.987,0,25006,VS_VITALITYSCORE,Keep Up the Great Work!,5sl+lZ1Pby,com.sec.android.app.shealth,5945398b-6af3-4770-866d-9f9078ba1cc8,1759795200000,
1,0,tracker.vitality,"Your sleeping heart rate is excellent and stable, indicating good recovery. Your energy score is also excellent, showing consistent effort. Continue with your current routine to maintain this level of health. Consider incorporating stress-reducing activities to keep your stress levels manageable. Keep up the great work!",intent:#Intent;action=com.samsung.android.app.shealth.intent.action.INSIGHT_HA_LOGGING_CARD_EXPOSED;package=com.sec.android.app.shealth;S.card_id=25005__36794;S.extra_llm_type=llm;S.tracker_id=tracker.vitality;end,shr_balance_65,shr_balance_65,2025-10-08 05:01:54.046,2025-10-08 05:01:54.046,0,25005,VS_VITALITYSCORE,Keep Up the Great Work!,5sl+lZ1Pby,com.sec.android.app.shealth,2cf428cb-7974-4f84-8c67-483c2e59fd43,1759881600000,
1,0,tracker.vitality,"Your energy score is good today, reflecting your hard work. With a recent mean sleep time of 6 hours and 48 minutes, consider aiming for around 8 hours of sleep tonight to boost your energy score tomorrow. Keep up the great work and stay motivated!",intent:#Intent;action=com.samsung.android.app.shealth.intent.action.INSIGHT_HA_LOGGING_CARD_EXPOSED;package=com.sec.android.app.shealth;S.card_id=25033__36812;S.extra_llm_type=llm;S.tracker_id=tracker.vitality;end,score_76,score_76,2025-10-09 08:01:45.706,2025-10-09 08:01:45.706,0,25033,VS_VITALITYSCORE,Keep Up the Great Work!,5sl+lZ1Pby,com.sec.android.app.shealth,51180219-66d6-44e5-afe3-f41a01aecf06,1759968000000,
1,0,tracker.vitality,"Your active time yesterday was lower than your average, which is a positive change. This helps avoid overexertion. Continue prioritizing rest and recovery today to maintain your good energy score of 83. Keep up the good work and stay focused on your health goals!",intent:#Intent;action=com.samsung.android.app.shealth.intent.action.INSIGHT_HA_LOGGING_CARD_EXPOSED;package=com.sec.android.app.shealth;S.card_id=24896__36728;S.extra_llm_type=llm;S.tracker_id=tracker.vitality;end,active_time_31,active_time_31,2025-10-10 07:05:58.503,2025-10-10 07:05:58.503,0,24896,VS_VITALITYSCORE,Prioritize Rest Today,5sl+lZ1Pby,com.sec.android.app.shealth,1c27ea2b-e6b7-4bdc-be93-7a939d3c0975,1760054400000,
1,0,tracker.vitality,"Your active time yesterday was lower than your average, which is a positive change. This helps avoid overexertion. Continue prioritizing rest and recovery today to maintain your excellent energy score of 85. Keep up the great work and stay focused on your health goals!",intent:#Intent;action=com.samsung.android.app.shealth.intent.action.INSIGHT_HA_LOGGING_CARD_EXPOSED;package=com.sec.android.app.shealth;S.card_id=24897__36728;S.extra_llm_type=llm;S.tracker_id=tracker.vitality;end,active_time_31,active_time_31,2025-10-13 05:24:48.192,2025-10-13 05:24:48.192,0,24897,VS_VITALITYSCORE,Prioritize Rest Today,5sl+lZ1Pby,com.sec.android.app.shealth,4f722da4-81e8-44d6-ba6f-cf773344a8bf,1760313600000,
0,0,tracker.vitality,"Your energy score is excellent today, so it would be a good time to challenge yourself. Increase the intensity of your exercise or try something new that you've been putting off for a while.",intent:#Intent;action=com.samsung.android.app.shealth.intent.action.INSIGHT_HA_LOGGING_CARD_EXPOSED;package=com.sec.android.app.shealth;S.card_id=25023__36806;S.extra_llm_type=rule;S.tracker_id=tracker.vitality;end,score_75,SC-7,2025-10-14 11:24:23.295,2025-10-14 05:22:15.056,0,25023,VS_VITALITYSCORE,Ready to go,5sl+lZ1Pby,com.sec.android.app.shealth,fe9753f4-3898-4c51-a7b2-b31c998906b6,1760400000000,
1,0,tracker.vitality,"Your active time decreased to 29 minutes yesterday, contributing to long sedentary periods. This can increase fatigue and illness risk. Aim for 1 hour and 52 minutes of active time today. Consider incorporating small changes like standing more, stretching, or quick strolls. Keep pushing towards your goals!",intent:#Intent;action=com.samsung.android.app.shealth.intent.action.INSIGHT_HA_LOGGING_CARD_EXPOSED;package=com.sec.android.app.shealth;S.card_id=24904__36732;S.extra_llm_type=llm;S.tracker_id=tracker.vitality;end,active_time_35,active_time_35,2025-10-15 05:33:56.547,2025-10-15 05:33:56.547,0,24904,VS_VITALITYSCORE,Boost Your Active Time,5sl+lZ1Pby,com.sec.android.app.shealth,f00a328a-8978-4216-83b5-c9796d654b40,1760486400000,
1,0,tracker.vitality,"Your active time has increased to 1 hour and 33 minutes, which is a positive change. This can help reduce depression and anxiety. However, your energy score is good at 82. Consider prioritizing rest and recovery today to optimize your energy score tomorrow. Keep up the good work and stay active!",intent:#Intent;action=com.samsung.android.app.shealth.intent.action.INSIGHT_HA_LOGGING_CARD_EXPOSED;package=com.sec.android.app.shealth;S.card_id=28762__36824;S.extra_llm_type=llm;S.tracker_id=tracker.vitality;end,active_time_80,active_time_80,2025-10-16 05:07:19.662,2025-10-16 05:07:19.662,0,28762,VS_VITALITYSCORE,"Stay Active, Rest Well",5sl+lZ1Pby,com.sec.android.app.shealth,f8dfcf09-6d9c-4c4f-8a64-4c226a560a64,1760572800000,
1,0,tracker.vitality,"Your moderate intensity exercise is working well for you right now. Keep it up and try to avoid exercise that's too vigorous or too light for the time being. Your energy score is excellent at 86, so maintaining this balance is key. Continue with your current routine to keep your energy high. Great job!",intent:#Intent;action=com.samsung.android.app.shealth.intent.action.INSIGHT_HA_LOGGING_CARD_EXPOSED;package=com.sec.android.app.shealth;S.card_id=24966__36770;S.extra_llm_type=llm;S.tracker_id=tracker.vitality;end,exercise_impulse_50,exercise_impulse_50,2025-10-17 06:07:22.471,2025-10-17 06:07:22.471,0,24966,VS_VITALITYSCORE,Maintain Your Momentum,5sl+lZ1Pby,com.sec.android.app.shealth,45ea8ab1-d34d-4abf-a18a-80a78531df0e,1760659200000,
0,0,tracker.vitality,"If there was a contest for balance between your amount of activity and your level of activity this past week, you won! Feeling like you could meet whatever challenge life throws your way? That's because you stayed consistent. Great work!",intent:#Intent;action=com.samsung.android.app.shealth.intent.action.INSIGHT_HA_LOGGING_CARD_EXPOSED;package=com.sec.android.app.shealth;S.card_id=29460__36674;S.extra_llm_type=rule;S.tracker_id=tracker.vitality;end,activity_consistency_83,AC-1-1,2025-10-18 08:11:51.580,2025-10-18 08:11:51.580,0,29460,VS_VITALITYSCORE,Consistency paid off,5sl+lZ1Pby,com.sec.android.app.shealth,52e34a85-d484-4a71-8021-c0cbe6249cdb,1760745600000,
1,0,tracker.vitality,"Your active time yesterday was lower than your average, which is a positive change. This helps avoid overexertion. Continue prioritizing rest and recovery today to maintain your excellent energy score of 88. Keep up the great work and stay focused on your health goals!",intent:#Intent;action=com.samsung.android.app.shealth.intent.action.INSIGHT_HA_LOGGING_CARD_EXPOSED;package=com.sec.android.app.shealth;S.card_id=27495__36728;S.extra_llm_type=llm;S.tracker_id=tracker.vitality;end,active_time_31,active_time_31,2025-10-19 07:48:05.520,2025-10-19 07:48:05.520,0,27495,VS_VITALITYSCORE,Prioritize Rest Today,5sl+lZ1Pby,com.sec.android.app.shealth,7e66230e-8cec-4ef4-8792-ee39c6ff15e4,1760832000000,
0,0,tracker.vitality,You perfectly balanced your amount of activity and level of activity this past week. Great job! Did you feel more energy? Take note of what made this past week great so you can repeat it!,intent:#Intent;action=com.samsung.android.app.shealth.intent.action.INSIGHT_HA_LOGGING_CARD_EXPOSED;package=com.sec.android.app.shealth;S.card_id=29462__36674;S.extra_llm_type=rule;S.tracker_id=tracker.vitality;end,activity_consistency_83,AC-1-3,2025-10-20 06:12:51.001,2025-10-20 06:12:51.001,0,29462,VS_VITALITYSCORE,Consistent & balanced,5sl+lZ1Pby,com.sec.android.app.shealth,97662c95-ad19-4d7b-a7a5-8d8a8d3ed0d0,1760918400000,
1,0,tracker.vitality,Consuming alcohol or eating late at night before bed can reduce your sleep quality and affect your energy score. Consider avoiding these habits to improve your sleep and feel more rested. Focus on maintaining a consistent sleep schedule and avoiding late-night snacks. Keep up the good work and aim for better sleep to boost your energy score!,intent:#Intent;action=com.samsung.android.app.shealth.intent.action.INSIGHT_HA_LOGGING_CARD_EXPOSED;package=com.sec.android.app.shealth;S.card_id=25038__36816;S.extra_llm_type=llm;S.tracker_id=tracker.vitality;end,behavior_check_before_sleep_72,behavior_check_before_sleep_72,2025-10-22 05:23:42.942,2025-10-22 05:23:42.942,0,25038,VS_VITALITYSCORE,Improve Sleep Quality,5sl+lZ1Pby,com.sec.android.app.shealth,c4ff5044-9903-4e73-9548-e6f3ecc9cf55,1761091200000,
1,0,tracker.vitality,"Your sleeping heart rate is stable and within the standard range, indicating good recovery. With a good energy score of 83, you're on the right track. Continue with your current routine to maintain this progress. Keep up the good work and stay committed to your well-being!",intent:#Intent;action=com.samsung.android.app.shealth.intent.action.INSIGHT_HA_LOGGING_CARD_EXPOSED;package=com.sec.android.app.shealth;S.card_id=27677__36794;S.extra_llm_type=llm;S.tracker_id=tracker.vitality;end,shr_balance_65,shr_balance_65,2025-10-23 06:42:30.366,2025-10-23 06:42:25.558,0,27677,VS_VITALITYSCORE,Keep Up the Good Work!,5sl+lZ1Pby,com.sec.android.app.shealth,2404d85c-3149-4a4d-9f8e-06c4ac5f34c7,1761177600000,
1,0,tracker.vitality,"Your active time of 4 hours and 47 minutes yesterday is significantly higher than your recent average of 1 hour and 19 minutes, possibly affecting your energy score. Consider reducing your active time today to 2 hours and 9 minutes to align with your target. This will help maintain a balanced fitness plan. Keep up the good work and stay consistent!",intent:#Intent;action=com.samsung.android.app.shealth.intent.action.INSIGHT_HA_LOGGING_CARD_EXPOSED;package=com.sec.android.app.shealth;S.card_id=28758__36822;S.extra_llm_type=llm;S.tracker_id=tracker.vitality;end,active_time_81,active_time_81,2025-10-25 09:44:09.468,2025-10-25 09:44:09.468,0,28758,VS_VITALITYSCORE,Balance Your Activity,5sl+lZ1Pby,com.sec.android.app.shealth,492c7ef2-ac23-468f-95cb-9b9b5ea5a34d,1761350400000,
1,0,tracker.vitality,"Your active time yesterday was lower than your average, which is a positive change to avoid overexertion. With an energy score of 84, consider prioritizing rest and recovery today. This will help maintain your good energy score. Keep up the great work and stay focused on your health goals!",intent:#Intent;action=com.samsung.android.app.shealth.intent.action.INSIGHT_HA_LOGGING_CARD_EXPOSED;package=com.sec.android.app.shealth;S.card_id=24896__36728;S.extra_llm_type=llm;S.tracker_id=tracker.vitality;end,active_time_31,active_time_31,2025-10-26 09:04:29.089,2025-10-26 09:04:29.089,0,24896,VS_VITALITYSCORE,Prioritize Rest Today,5sl+lZ1Pby,com.sec.android.app.shealth,36e5947c-b038-4992-9900-8b44865c4460,1761436800000,
1,0,tracker.vitality,"Your active time yesterday was lower than your average, which is a positive change to avoid overexertion. With an excellent energy score of 86, continue prioritizing rest and recovery today. Consider light activities to maintain balance. Keep up the great work and stay focused on your health goals!",intent:#Intent;action=com.samsung.android.app.shealth.intent.action.INSIGHT_HA_LOGGING_CARD_EXPOSED;package=com.sec.android.app.shealth;S.card_id=27496__36728;S.extra_llm_type=llm;S.tracker_id=tracker.vitality;end,active_time_31,active_time_31,2025-10-28 06:17:16.626,2025-10-28 03:37:35.724,0,27496,VS_VITALITYSCORE,Prioritize Rest Today,5sl+lZ1Pby,com.sec.android.app.shealth,2c5f7b0b-321d-493b-b5d0-04a4b8564087,1761609600000,
1,0,tracker.vitality,"Your activity consistency is excellent, contributing positively to your energy score. Yesterday's active time of 1 hour and 37 minutes is commendable. Continue maintaining this consistency to further improve your energy score. Keep up the great work!",intent:#Intent;action=com.samsung.android.app.shealth.intent.action.INSIGHT_HA_LOGGING_CARD_EXPOSED;package=com.sec.android.app.shealth;S.card_id=32242__42371;S.extra_llm_type=llm;S.tracker_id=tracker.vitality;end,activity_consistency_83,activity_consistency_83,2025-10-31 06:37:09.527,2025-10-31 06:37:09.527,0,32242,VS_VITALITYSCORE,Keep Up the Great Work!,5sl+lZ1Pby,com.sec.android.app.shealth,21418faf-0ea2-4572-bf52-ec7c04e9fd5d,1761868800000,
1,0,tracker.vitality,"Your active time of 4 hours and 37 minutes yesterday is higher than your recent average of 3 hours and 5 minutes, possibly affecting your energy score. Consider reducing your active time to today's target of 2 hours and 41 minutes. This will help maintain a balanced fitness plan. Keep up the good work and stay consistent!",intent:#Intent;action=com.samsung.android.app.shealth.intent.action.INSIGHT_HA_LOGGING_CARD_EXPOSED;package=com.sec.android.app.shealth;S.card_id=32621__42517;S.extra_llm_type=llm;S.tracker_id=tracker.vitality;end,active_time_81,active_time_81,2025-11-02 09:15:58.119,2025-11-02 09:15:58.119,0,32621,VS_VITALITYSCORE,Balance Your Activity,5sl+lZ1Pby,com.sec.android.app.shealth,ddec0661-d7ce-4c52-9cf0-11d692f6fc56,1762041600000,
1,0,tracker.vitality,"Your active time yesterday was lower than your average, which is a positive change. This helps prevent overexertion and strain. Continue prioritizing rest and recovery today to maintain your excellent energy score of 92. Keep up the great work and stay focused on your health goals!",intent:#Intent;action=com.samsung.android.app.shealth.intent.action.INSIGHT_HA_LOGGING_CARD_EXPOSED;package=com.sec.android.app.shealth;S.card_id=32376__42425;S.extra_llm_type=llm;S.tracker_id=tracker.vitality;end,active_time_31,active_time_31,2025-11-03 09:32:04.603,2025-11-03 09:32:04.603,0,32376,VS_VITALITYSCORE,Prioritize Rest Today,5sl+lZ1Pby,com.sec.android.app.shealth,d47c11cd-f075-4ab2-80a0-2bb91ec70e86,1762128000000,
1,0,tracker.vitality,"Your active time has decreased by 1 hour and 12 minutes recently, affecting your health. Yesterday's active time was 1 hour and 3 minutes. Aim for today's target of 2 hours and 16 minutes of active time. This will help improve your energy score. Keep moving and stay motivated!",intent:#Intent;action=com.samsung.android.app.shealth.intent.action.INSIGHT_HA_LOGGING_CARD_EXPOSED;package=com.sec.android.app.shealth;S.card_id=32636__42521;S.extra_llm_type=llm;S.tracker_id=tracker.vitality;end,active_time_82,active_time_82,2025-11-04 06:38:30.159,2025-11-04 06:38:30.159,0,32636,VS_VITALITYSCORE,Boost Your Activity,5sl+lZ1Pby,com.sec.android.app.shealth,ce763c66-e25d-44d3-9e0a-177287d58fe7,1762214400000,
1,0,tracker.vitality,"Your sleeping heart rate has deviated from your usual average, affecting your rest. This is related to your energy score, which is currently good at 79. Consider taking plenty of breaks today and ensuring good sleep habits tonight. This will help improve your recovery and energy levels. Keep up the good work!",intent:#Intent;action=com.samsung.android.app.shealth.intent.action.INSIGHT_HA_LOGGING_CARD_EXPOSED;package=com.sec.android.app.shealth;S.card_id=32569__42493;S.extra_llm_type=llm;S.tracker_id=tracker.vitality;end,shr_balance_67,shr_balance_67,2025-11-05 05:48:25.162,2025-11-05 05:48:20.444,0,32569,VS_VITALITYSCORE,Focus on Recovery,5sl+lZ1Pby,com.sec.android.app.shealth,11e02920-b4b2-4bd3-8112-780c7faf205f,1762300800000,
1,0,tracker.vitality,"Your active time decreased by 54 minutes yesterday, which may affect your energy score. Aim for 2 hours and 16 minutes of active time today to stay on track. Consider incorporating more movement into your day to reach this goal. Keep up the good work and stay active!",intent:#Intent;action=com.samsung.android.app.shealth.intent.action.INSIGHT_HA_LOGGING_CARD_EXPOSED;package=com.sec.android.app.shealth;S.card_id=32415__42439;S.extra_llm_type=llm;S.tracker_id=tracker.vitality;end,active_time_34,active_time_34,2025-11-06 06:59:35.781,2025-11-06 06:59:35.781,0,32415,VS_VITALITYSCORE,Stay Active Today!,5sl+lZ1Pby,com.sec.android.app.shealth,b307da12-009c-4590-be4a-3a64173a0aac,1762387200000,
1,0,tracker.vitality,"Your sleeping heart rate variability has deviated from its standard level, likely due to stress. This is affecting your energy score, which is currently at 57. Consider incorporating stress-relieving activities like deep breathing or hobbies today. Prioritize rest and self-care to help improve your energy score. Keep focusing on your health goals!",intent:#Intent;action=com.samsung.android.app.shealth.intent.action.INSIGHT_HA_LOGGING_CARD_EXPOSED;package=com.sec.android.app.shealth;S.card_id=32536__42479;S.extra_llm_type=llm;S.tracker_id=tracker.vitality;end,shrv_balance_59,shrv_balance_59,2025-11-08 08:06:40.007,2025-11-08 08:06:40.007,0,32536,VS_VITALITYSCORE,Manage Your Stress,5sl+lZ1Pby,com.sec.android.app.shealth,a3434fcb-5404-4fed-9596-f0c0d55614a5,1762560000000,
1,0,tracker.vitality,"Your sleeping heart rate variability is excellent, indicating recovery and balance. This stability is key to maintaining your energy score. Continue with your regular activity and adequate sleep to keep this consistency. Consider reducing stress to further improve your energy score. Keep up the great work!",intent:#Intent;action=com.samsung.android.app.shealth.intent.action.INSIGHT_HA_LOGGING_CARD_EXPOSED;package=com.sec.android.app.shealth;S.card_id=32526__42475;S.extra_llm_type=llm;S.tracker_id=tracker.vitality;end,shrv_balance_57,shrv_balance_57,2025-11-09 07:44:41.470,2025-11-09 07:44:41.470,0,32526,VS_VITALITYSCORE,Maintain Your Balance,5sl+lZ1Pby,com.sec.android.app.shealth,75b5cc54-1330-43ac-83a9-518fca381902,1762646400000,
1,0,tracker.vitality,Your consistent sleep behavior is positively influencing your physical and mental health. Maintaining this excellent sleep time consistency is key to improving your energy score. Consider focusing on other areas like exercise or stress management to further enhance your overall well-being. Keep up the good work!,intent:#Intent;action=com.samsung.android.app.shealth.intent.action.INSIGHT_HA_LOGGING_CARD_EXPOSED;package=com.sec.android.app.shealth;S.card_id=32344__42409;S.extra_llm_type=llm;S.tracker_id=tracker.vitality;end,sleep_balance_12,sleep_balance_12,2025-11-10 05:44:17.112,2025-11-10 05:44:17.112,0,32344,VS_VITALITYSCORE,Keep Up the Great Work!,5sl+lZ1Pby,com.sec.android.app.shealth,3a9b8b1b-8607-4793-b15f-b121c03fdf13,1762732800000,
1,0,tracker.vitality,"Your sleeping heart rate variability is excellent, indicating recovery and balance. Continue with your current healthy habits, including regular activity and adequate sleep, to maintain this stability. Consider incorporating stress-reducing activities to keep your stress levels manageable. Keep up the great work!",intent:#Intent;action=com.samsung.android.app.shealth.intent.action.INSIGHT_HA_LOGGING_CARD_EXPOSED;package=com.sec.android.app.shealth;S.card_id=32523__42475;S.extra_llm_type=llm;S.tracker_id=tracker.vitality;end,shrv_balance_57,shrv_balance_57,2025-11-12 07:03:31.901,2025-11-12 07:03:31.901,0,32523,VS_VITALITYSCORE,Maintain Your Balance,5sl+lZ1Pby,com.sec.android.app.shealth,d59cab56-6704-4d19-b5f7-faf92555c43d,1762905600000,
1,0,tracker.vitality,"Your sleeping heart rate variability is fair, likely due to stress. This is affecting your energy score, which is currently good at 83. Consider taking time today to rest and engage in stress-relieving activities like hobbies or social time. Keep focusing on your health goals to improve your energy score.",intent:#Intent;action=com.samsung.android.app.shealth.intent.action.INSIGHT_HA_LOGGING_CARD_EXPOSED;package=com.sec.android.app.shealth;S.card_id=32536__42479;S.extra_llm_type=llm;S.tracker_id=tracker.vitality;end,shrv_balance_59,shrv_balance_59,2025-11-13 06:00:42.914,2025-11-13 06:00:42.914,0,32536,VS_VITALITYSCORE,Manage Your Stress,5sl+lZ1Pby,com.sec.android.app.shealth,ed99f527-553f-4081-b793-ec5f9e9a4717,1762992000000,
1,0,tracker.vitality,"Your sleeping heart rate has significantly deviated from your usual average, indicating a need for better rest. With an energy score of 74, consider focusing on recovery today by taking plenty of breaks and ensuring good sleep habits. This will help improve your energy score tomorrow. Keep up the good work and stay motivated!",intent:#Intent;action=com.samsung.android.app.shealth.intent.action.INSIGHT_HA_LOGGING_CARD_EXPOSED;package=com.sec.android.app.shealth;S.card_id=32568__42493;S.extra_llm_type=llm;S.tracker_id=tracker.vitality;end,shr_balance_67,shr_balance_67,2025-11-14 07:00:29.873,2025-11-14 06:00:35.431,0,32568,VS_VITALITYSCORE,Focus on Recovery,5sl+lZ1Pby,com.sec.android.app.shealth,86af3217-b1ed-4da4-9867-f6b3d6c23069,1763078400000,
1,0,tracker.vitality,"Your sleeping heart rate variability is excellent, indicating recovery and balance. This stability is key to maintaining your energy score. Continue with your current healthy habits, including regular activity and adequate sleep. Aim for consistent sleep patterns to keep your energy levels high. Keep up the great work!",intent:#Intent;action=com.samsung.android.app.shealth.intent.action.INSIGHT_HA_LOGGING_CARD_EXPOSED;package=com.sec.android.app.shealth;S.card_id=32527__42475;S.extra_llm_type=llm;S.tracker_id=tracker.vitality;end,shrv_balance_57,shrv_balance_57,2025-11-18 07:20:18.197,2025-11-18 07:20:18.197,0,32527,VS_VITALITYSCORE,Maintain Your Balance,5sl+lZ1Pby,com.sec.android.app.shealth,0b860769-4cfd-48b2-8cbc-b1d83739e095,1763424000000,
1,0,tracker.vitality,"Your active time yesterday was 1 hour and 29 minutes, which is lower than your average of 2 hours and 12 minutes. This decrease in active time is positive and helps avoid overexertion. Continue prioritizing rest and recovery today to maintain your excellent energy score of 88. Keep up the great work!",intent:#Intent;action=com.samsung.android.app.shealth.intent.action.INSIGHT_HA_LOGGING_CARD_EXPOSED;package=com.sec.android.app.shealth;S.card_id=32375__42425;S.extra_llm_type=llm;S.tracker_id=tracker.vitality;end,active_time_31,active_time_31,2025-11-19 07:43:36.742,2025-11-19 07:43:36.742,0,32375,VS_VITALITYSCORE,Prioritize Rest Today,5sl+lZ1Pby,com.sec.android.app.shealth,069455b6-c0ba-4508-8fbc-6a2d49ac1178,1763510400000,
1,0,tracker.vitality,Consuming alcohol or eating late at night before bed can reduce your sleep quality and affect your energy score. Consider avoiding these habits to improve your sleep and feel more rested. Focus on maintaining a consistent sleep schedule and reducing late-night activities. Keep up the good work!,intent:#Intent;action=com.samsung.android.app.shealth.intent.action.INSIGHT_HA_LOGGING_CARD_EXPOSED;package=com.sec.android.app.shealth;S.card_id=32613__42511;S.extra_llm_type=llm;S.tracker_id=tracker.vitality;end,behavior_check_before_sleep_72,behavior_check_before_sleep_72,2025-11-20 07:13:28.922,2025-11-20 07:13:28.922,0,32613,VS_VITALITYSCORE,Improve Sleep Quality,5sl+lZ1Pby,com.sec.android.app.shealth,54ee124b-852a-4214-a740-e5c00bdec9a2,1763596800000,
1,0,tracker.vitality,"Your active time of 1 hour and 52 minutes is excellent, contributing to your high energy score of 85. Continue with your current level of activity and ensure you take proper rest and recovery breaks. Maintaining this balance will help sustain your energy levels. Keep up the great work!",intent:#Intent;action=com.samsung.android.app.shealth.intent.action.INSIGHT_HA_LOGGING_CARD_EXPOSED;package=com.sec.android.app.shealth;S.card_id=32411__42437;S.extra_llm_type=llm;S.tracker_id=tracker.vitality;end,active_time_32,active_time_32,2025-11-22 06:50:21.545,2025-11-22 05:54:37.184,0,32411,VS_VITALITYSCORE,Keep Up the Great Work!,5sl+lZ1Pby,com.sec.android.app.shealth,d23e2c27-0b65-4d22-b3ab-2ee18fbeb6e4,1763769600000,
1,0,tracker.vitality,"Your sleeping heart rate has deviated from your usual average, affecting your rest. This contributes to a fair grade. Consider taking plenty of breaks today and ensuring good sleep habits tonight. This will help improve your energy score tomorrow. Keep up the good work!",intent:#Intent;action=com.samsung.android.app.shealth.intent.action.INSIGHT_HA_LOGGING_CARD_EXPOSED;package=com.sec.android.app.shealth;S.card_id=32569__42493;S.extra_llm_type=llm;S.tracker_id=tracker.vitality;end,shr_balance_67,shr_balance_67,2025-11-23 07:31:30.156,2025-11-23 07:31:30.156,0,32569,VS_VITALITYSCORE,Focus on Recovery,5sl+lZ1Pby,com.sec.android.app.shealth,2799b806-449d-4d4c-83f1-a2d03a583553,1763856000000,
1,0,tracker.vitality,Consuming alcohol or eating late at night before bed can reduce your sleep quality and affect your energy score. Consider avoiding these habits to improve your rapid eye movement sleep and sleeping heart rate variability. This can help you feel more rested and energized. Keep up the good work!,intent:#Intent;action=com.samsung.android.app.shealth.intent.action.INSIGHT_HA_LOGGING_CARD_EXPOSED;package=com.sec.android.app.shealth;S.card_id=32612__42511;S.extra_llm_type=llm;S.tracker_id=tracker.vitality;end,behavior_check_before_sleep_72,behavior_check_before_sleep_72,2025-11-24 06:37:37.821,2025-11-24 06:02:37.223,0,32612,VS_VITALITYSCORE,Improve Sleep Quality,5sl+lZ1Pby,com.sec.android.app.shealth,03405298-b5d1-4a46-9147-fb72ffffc1fb,1763942400000,
1,0,tracker.vitality,"Your sleeping heart rate is stable and excellent, indicating good recovery. With an energy score of 84, you're doing well. Consider maintaining your current activity levels and reducing stress to further improve your energy score. Keep up the great work and stay committed to your well-being!",intent:#Intent;action=com.samsung.android.app.shealth.intent.action.INSIGHT_HA_LOGGING_CARD_EXPOSED;package=com.sec.android.app.shealth;S.card_id=32555__42489;S.extra_llm_type=llm;S.tracker_id=tracker.vitality;end,shr_balance_65,shr_balance_65,2025-11-25 07:20:43.174,2025-11-25 07:20:43.174,0,32555,VS_VITALITYSCORE,Keep Up the Great Work!,5sl+lZ1Pby,com.sec.android.app.shealth,108fa636-d40f-438a-8742-42571b4b7739,1764028800000,
1,0,tracker.vitality,"Your sleeping heart rate is excellent, indicating good recovery. With a good energy score of 84, you're on the right track. Consider maintaining your current activity levels and focusing on stress-reducing activities to further improve your energy score. Keep up the great work!",intent:#Intent;action=com.samsung.android.app.shealth.intent.action.INSIGHT_HA_LOGGING_CARD_EXPOSED;package=com.sec.android.app.shealth;S.card_id=32556__42489;S.extra_llm_type=llm;S.tracker_id=tracker.vitality;end,shr_balance_65,shr_balance_65,2025-11-26 06:40:39.473,2025-11-26 06:40:39.473,0,32556,VS_VITALITYSCORE,Keep Up the Great Work!,5sl+lZ1Pby,com.sec.android.app.shealth,bcf4ebb4-5748-4656-a949-40a59192b849,1764115200000,
1,0,tracker.vitality,"Your sleeping heart rate variability has deviated considerably from its standard level, likely due to stress. This is affecting your energy score, which is currently fair at 61. Consider taking time today to rest and engage in stress-relieving activities. Prioritize your health and aim for a better energy score tomorrow.",intent:#Intent;action=com.samsung.android.app.shealth.intent.action.INSIGHT_HA_LOGGING_CARD_EXPOSED;package=com.sec.android.app.shealth;S.card_id=32536__42479;S.extra_llm_type=llm;S.tracker_id=tracker.vitality;end,shrv_balance_59,shrv_balance_59,2025-11-27 07:40:34.206,2025-11-27 07:40:34.206,0,32536,VS_VITALITYSCORE,Manage Your Stress,5sl+lZ1Pby,com.sec.android.app.shealth,b78e8790-e932-4d67-afe7-bc1f57908c2a,1764201600000,
1,0,tracker.vitality,"Your sleeping heart rate is excellent, indicating good recovery. Your energy score is good at 84, but your average active time of 2 hours and 21 minutes is slightly low. Consider increasing your active time to boost your energy score. Keep focusing on your well-being and maintain your excellent heart rate.",intent:#Intent;action=com.samsung.android.app.shealth.intent.action.INSIGHT_HA_LOGGING_CARD_EXPOSED;package=com.sec.android.app.shealth;S.card_id=32557__42489;S.extra_llm_type=llm;S.tracker_id=tracker.vitality;end,shr_balance_65,shr_balance_65,2025-11-28 06:40:31.481,2025-11-28 06:40:31.481,0,32557,VS_VITALITYSCORE,Keep Up the Great Work!,5sl+lZ1Pby,com.sec.android.app.shealth,6b78147c-136c-47a7-9530-1877e0bfcb42,1764288000000,
1,0,tracker.vitality,"Your sleeping heart rate variability is excellent, indicating recovery and balance. Continue with your regular activity and adequate sleep to maintain this stability. Aim for an average of 2 hours and 30 minutes of active time each day. Keep up the great work!",intent:#Intent;action=com.samsung.android.app.shealth.intent.action.INSIGHT_HA_LOGGING_CARD_EXPOSED;package=com.sec.android.app.shealth;S.card_id=32527__42475;S.extra_llm_type=llm;S.tracker_id=tracker.vitality;end,shrv_balance_57,shrv_balance_57,2025-12-01 08:34:47.689,2025-12-01 02:39:05.919,0,32527,VS_VITALITYSCORE,Maintain Your Balance,5sl+lZ1Pby,com.sec.android.app.shealth,0c27d801-9c84-45cd-a666-a8e6b49c7238,1764547200000,
1,0,tracker.vitality,"Your sleeping heart rate variability is excellent, indicating recovery and balance. Continue with your regular activity and adequate sleep to maintain this stability. Consider incorporating stress-reducing activities to keep your stress levels manageable. Consistent habits will help you sustain your excellent energy score. Keep up the great work!",intent:#Intent;action=com.samsung.android.app.shealth.intent.action.INSIGHT_HA_LOGGING_CARD_EXPOSED;package=com.sec.android.app.shealth;S.card_id=32524__42475;S.extra_llm_type=llm;S.tracker_id=tracker.vitality;end,shrv_balance_57,shrv_balance_57,2025-12-02 07:13:08.363,2025-12-02 07:13:08.363,0,32524,VS_VITALITYSCORE,Maintain Your Balance,5sl+lZ1Pby,com.sec.android.app.shealth,0efc0995-54bb-4271-8382-9a3423d85706,1764633600000,
0,0,tracker.vitality,Your sleeping heart rate is back to a normal range. Good work! Take some time to consider what about your routine contributes to maintaining your well-being. Keep what's good and plan what you'd like to change.,intent:#Intent;action=com.samsung.android.app.shealth.intent.action.INSIGHT_HA_LOGGING_CARD_EXPOSED;package=com.sec.android.app.shealth;S.card_id=32556__42489;S.extra_llm_type=rule;S.tracker_id=tracker.vitality;end,shr_balance_65,HR-1-4,2025-12-03 08:05:23.156,2025-12-03 08:05:23.156,0,32556,VS_VITALITYSCORE,Watch your heart rate,5sl+lZ1Pby,com.sec.android.app.shealth,60b162ce-e22b-422c-9e08-9dd76ca9f0b3,1764720000000,
1,0,tracker.vitality,"Your sleeping heart rate has significantly deviated from your usual average, affecting your rest. This is linked to your fair energy score. Consider taking plenty of breaks today and ensuring good sleep habits tonight. Prioritize recovery to improve your energy score tomorrow. Keep focusing on your health goals!",intent:#Intent;action=com.samsung.android.app.shealth.intent.action.INSIGHT_HA_LOGGING_CARD_EXPOSED;package=com.sec.android.app.shealth;S.card_id=32567__42493;S.extra_llm_type=llm;S.tracker_id=tracker.vitality;end,shr_balance_67,shr_balance_67,2025-12-04 09:53:09.177,2025-12-04 09:53:09.177,0,32567,VS_VITALITYSCORE,Focus on Recovery,5sl+lZ1Pby,com.sec.android.app.shealth,27e5f30c-718d-4102-a188-b3ec763b5e0a,1764806400000,
1,0,tracker.vitality,"Your sleeping heart rate variability is excellent, indicating recovery and balance. This stability is key to maintaining your energy score. Continue with your current healthy habits, including regular activity and adequate sleep. This consistency will help you avoid abrupt fluctuations and maintain your energy score. Keep up the great work!",intent:#Intent;action=com.samsung.android.app.shealth.intent.action.INSIGHT_HA_LOGGING_CARD_EXPOSED;package=com.sec.android.app.shealth;S.card_id=32525__42475;S.extra_llm_type=llm;S.tracker_id=tracker.vitality;end,shrv_balance_57,shrv_balance_57,2025-12-05 06:35:10.540,2025-12-05 06:35:10.540,0,32525,VS_VITALITYSCORE,Maintain Your Balance,5sl+lZ1Pby,com.sec.android.app.shealth,2c7da0a7-7ddf-4169-af45-3ef018410b3b,1764892800000,
1,0,tracker.vitality,"Your sleeping heart rate has significantly deviated from your usual average, affecting your rest. This is linked to your fair energy score. Consider taking plenty of breaks today and ensuring good sleep habits tonight. This will help improve your recovery and energy levels. Keep up the good work!",intent:#Intent;action=com.samsung.android.app.shealth.intent.action.INSIGHT_HA_LOGGING_CARD_EXPOSED;package=com.sec.android.app.shealth;S.card_id=32568__42493;S.extra_llm_type=llm;S.tracker_id=tracker.vitality;end,shr_balance_67,shr_balance_67,2025-12-06 08:16:39.770,2025-12-06 08:16:39.770,0,32568,VS_VITALITYSCORE,Focus on Recovery,5sl+lZ1Pby,com.sec.android.app.shealth,763ed429-706a-428f-9eef-aab184d1d21d,1764979200000,
1,0,tracker.vitality,"Your sleeping heart rate is stable and within the standard range, indicating good recovery. With a good energy score of 79, you're doing well. Continue with your current habits to maintain this. Consider reducing stress to further improve your energy score. Keep focusing on your health goals!",intent:#Intent;action=com.samsung.android.app.shealth.intent.action.INSIGHT_HA_LOGGING_CARD_EXPOSED;package=com.sec.android.app.shealth;S.card_id=32555__42489;S.extra_llm_type=llm;S.tracker_id=tracker.vitality;end,shr_balance_65,shr_balance_65,2025-12-07 06:06:16.075,2025-12-07 06:06:16.075,0,32555,VS_VITALITYSCORE,Keep Up the Good Work!,5sl+lZ1Pby,com.sec.android.app.shealth,2fac72aa-61e8-4c1b-b457-dd3bb1a0df1f,1765065600000,
1,0,tracker.vitality,"Your excellent sleeping heart rate variability indicates a healthy balance, contributing positively to your energy score. However, your energy score is currently good at 84. Consider incorporating stress-reducing activities today to help improve your energy score tomorrow. Keep up your healthy habits and stay motivated!",intent:#Intent;action=com.samsung.android.app.shealth.intent.action.INSIGHT_HA_LOGGING_CARD_EXPOSED;package=com.sec.android.app.shealth;S.card_id=32528__42477;S.extra_llm_type=llm;S.tracker_id=tracker.vitality;end,shrv_balance_58,shrv_balance_58,2025-12-08 07:46:09.025,2025-12-08 07:46:09.025,0,32528,VS_VITALITYSCORE,Maintain Your Balance,5sl+lZ1Pby,com.sec.android.app.shealth,f0ee9098-1211-4578-84b2-43e2a386b48a,1765152000000,
1,0,tracker.vitality,"Your sleeping heart rate is excellent and stable, indicating good recovery. With a good energy score of 84, you're on the right track. To maintain this, consider reducing stress levels with relaxing activities. Keep up the great work and stay committed to your well-being!",intent:#Intent;action=com.samsung.android.app.shealth.intent.action.INSIGHT_HA_LOGGING_CARD_EXPOSED;package=com.sec.android.app.shealth;S.card_id=32557__42489;S.extra_llm_type=llm;S.tracker_id=tracker.vitality;end,shr_balance_65,shr_balance_65,2025-12-12 14:25:15.703,2025-12-12 14:25:15.703,0,32557,VS_VITALITYSCORE,Keep Up the Great Work!,5sl+lZ1Pby,com.sec.android.app.shealth,da33f6da-b9b8-4735-8224-70f546adcaee,1765497600000,
1,0,tracker.vitality,Consuming alcohol or eating late at night before bed can negatively affect your sleep quality and sleeping heart rate variability. Consider avoiding these habits to improve your energy score. Focus on maintaining a consistent sleep schedule and reducing late-night snacks. Keep up the good work and aim for better rest!,intent:#Intent;action=com.samsung.android.app.shealth.intent.action.INSIGHT_HA_LOGGING_CARD_EXPOSED;package=com.sec.android.app.shealth;S.card_id=32611__42511;S.extra_llm_type=llm;S.tracker_id=tracker.vitality;end,behavior_check_before_sleep_72,behavior_check_before_sleep_72,2025-12-16 07:18:06.262,2025-12-16 07:18:06.262,0,32611,VS_VITALITYSCORE,Improve Sleep Quality,5sl+lZ1Pby,com.sec.android.app.shealth,4b3512ae-4bdc-4d33-994d-f0955e519982,1765843200000,
1,0,tracker.vitality,"Your active time has decreased recently, which can negatively affect your health. Yesterday's step count was 7,461, down from your recent average of 13,463. Consider aiming for at least 13,463 steps today to improve your fitness. Keep up the good work and stay active!",intent:#Intent;action=com.samsung.android.app.shealth.intent.action.INSIGHT_HA_LOGGING_CARD_EXPOSED;package=com.sec.android.app.shealth;S.card_id=32632__42521;S.extra_llm_type=llm;S.tracker_id=tracker.vitality;end,active_time_82,active_time_82,2025-12-21 08:52:57.337,2025-12-21 08:52:57.337,0,32632,VS_VITALITYSCORE,Boost Your Activity,5sl+lZ1Pby,com.sec.android.app.shealth,3893efe5-900d-4ab2-ab24-b957582e31ab,1766275200000,
1,0,tracker.vitality,"Your active time yesterday was 2 hours and 53 minutes, which is 55 minutes more than your recent average. This increase may be affecting your energy score. Consider reducing your active time today to 2 hours and 5 minutes to avoid overexertion. Keep focusing on your health goals!",intent:#Intent;action=com.samsung.android.app.shealth.intent.action.INSIGHT_HA_LOGGING_CARD_EXPOSED;package=com.sec.android.app.shealth;S.card_id=32383__42427;S.extra_llm_type=llm;S.tracker_id=tracker.vitality;end,active_time_33,active_time_33,2025-12-27 08:19:57.629,2025-12-27 08:08:43.096,0,32383,VS_VITALITYSCORE,Balance Your Activity,5sl+lZ1Pby,com.sec.android.app.shealth,8fde938d-4df6-4319-ba59-748a9fec3d21,1766793600000,
1,0,tracker.vitality,"Your sleeping heart rate is excellent, indicating good recovery. With an energy score of 84, you're doing well. Consider maintaining your current activity levels and focusing on stress-reducing activities to further improve your energy score. Keep up the great work and stay committed to your well-being!",intent:#Intent;action=com.samsung.android.app.shealth.intent.action.INSIGHT_HA_LOGGING_CARD_EXPOSED;package=com.sec.android.app.shealth;S.card_id=32553__42489;S.extra_llm_type=llm;S.tracker_id=tracker.vitality;end,shr_balance_65,shr_balance_65,2025-12-28 05:30:56.277,2025-12-28 05:30:56.277,0,32553,VS_VITALITYSCORE,Keep Up the Great Work!,5sl+lZ1Pby,com.sec.android.app.shealth,444295ce-f3f1-46d2-9ae7-ca3f0d6717a2,1766880000000,
1,0,tracker.vitality,"Your active time of 4 hours and 21 minutes yesterday is significantly higher than your recent average of 2 hours, possibly affecting your energy score. Consider reducing your active time to today's target of 2 hours and 16 minutes. This will help maintain a more balanced fitness plan. Keep up the good work!",intent:#Intent;action=com.samsung.android.app.shealth.intent.action.INSIGHT_HA_LOGGING_CARD_EXPOSED;package=com.sec.android.app.shealth;S.card_id=32622__42517;S.extra_llm_type=llm;S.tracker_id=tracker.vitality;end,active_time_81,active_time_81,2025-12-29 07:05:33.863,2025-12-29 07:05:33.863,0,32622,VS_VITALITYSCORE,Balance Your Activity,5sl+lZ1Pby,com.sec.android.app.shealth,917bb5a4-97c2-465e-ab80-3e8dabed8357,1766966400000,
1,0,tracker.vitality,"Your sleeping heart rate has deviated from your usual average, affecting your rest. With a good grade in sleeping heart rate, focus on recovery today by taking plenty of breaks and ensuring good sleep habits. This will help improve your energy score tomorrow. Keep up the good work and stay consistent with your efforts!",intent:#Intent;action=com.samsung.android.app.shealth.intent.action.INSIGHT_HA_LOGGING_CARD_EXPOSED;package=com.sec.android.app.shealth;S.card_id=32567__42493;S.extra_llm_type=llm;S.tracker_id=tracker.vitality;end,shr_balance_67,shr_balance_67,2026-01-01 09:05:34.743,2026-01-01 09:05:34.743,0,32567,VS_VITALITYSCORE,Focus on Recovery,5sl+lZ1Pby,com.sec.android.app.shealth,cc089df2-4a79-4872-9f85-1cf927d76764,1767225600000,
1,0,tracker.vitality,"Your energy score is good today, reflecting your hard work. With a recent mean sleep time of 6 hours and 53 minutes, consider aiming for around 8 hours of sleep tonight to boost your energy score tomorrow. Keep up the great work and stay focused on your health goals!",intent:#Intent;action=com.samsung.android.app.shealth.intent.action.INSIGHT_HA_LOGGING_CARD_EXPOSED;package=com.sec.android.app.shealth;S.card_id=32602__42507;S.extra_llm_type=llm;S.tracker_id=tracker.vitality;end,score_76,score_76,2026-01-02 07:20:41.258,2026-01-02 07:20:41.258,0,32602,VS_VITALITYSCORE,Keep Up the Great Work!,5sl+lZ1Pby,com.sec.android.app.shealth,5f0ff559-6e0f-4282-9ae8-1793fbab2fd0,1767312000000,
1,0,tracker.vitality,"Your active time yesterday was lower than your average, which is a positive change to avoid overexertion. With an energy score of 84, consider prioritizing rest and recovery today to maintain your energy levels. Keep up the good work and stay focused on your health goals.",intent:#Intent;action=com.samsung.android.app.shealth.intent.action.INSIGHT_HA_LOGGING_CARD_EXPOSED;package=com.sec.android.app.shealth;S.card_id=32372__42425;S.extra_llm_type=llm;S.tracker_id=tracker.vitality;end,active_time_31,active_time_31,2026-01-03 07:05:10.188,2026-01-03 07:05:10.188,0,32372,VS_VITALITYSCORE,Prioritize Rest Today,5sl+lZ1Pby,com.sec.android.app.shealth,f21d9db1-efc3-43a5-8b28-c33b33b5b1fa,1767398400000,
1,0,tracker.vitality,Consuming alcohol or eating late at night before bed can reduce your sleep quality and affect your energy score. Consider avoiding these habits to improve your sleep and feeling rested the next day. Work towards a consistent sleep schedule to enhance your overall health. Keep up the good work!,intent:#Intent;action=com.samsung.android.app.shealth.intent.action.INSIGHT_HA_LOGGING_CARD_EXPOSED;package=com.sec.android.app.shealth;S.card_id=32611__42511;S.extra_llm_type=llm;S.tracker_id=tracker.vitality;end,behavior_check_before_sleep_72,behavior_check_before_sleep_72,2026-01-04 07:39:23.327,2026-01-04 03:09:45.947,0,32611,VS_VITALITYSCORE,Improve Sleep Quality,5sl+lZ1Pby,com.sec.android.app.shealth,cbf3e813-5088-4886-8580-f4d1262384b8,1767484800000,
1,0,tracker.vitality,"Your sleeping heart rate is excellent, indicating good recovery. With an energy score of 85, you're doing well. Continue your commitment to rest and well-being. Consider maintaining your current activity levels to support your energy. Keep up the great work!",intent:#Intent;action=com.samsung.android.app.shealth.intent.action.INSIGHT_HA_LOGGING_CARD_EXPOSED;package=com.sec.android.app.shealth;S.card_id=32554__42489;S.extra_llm_type=llm;S.tracker_id=tracker.vitality;end,shr_balance_65,shr_balance_65,2026-01-05 06:49:12.893,2026-01-05 06:49:12.893,0,32554,VS_VITALITYSCORE,Keep Up the Great Work!,5sl+lZ1Pby,com.sec.android.app.shealth,5738d59b-1ab0-4260-a638-ef3abbb341eb,1767571200000,
1,0,tracker.vitality,"Your active time yesterday was lower than your average, which is a positive change to avoid overexertion. With an excellent energy score of 91, continue prioritizing rest and recovery today. Consider light activities to maintain balance. Keep up the great work!",intent:#Intent;action=com.samsung.android.app.shealth.intent.action.INSIGHT_HA_LOGGING_CARD_EXPOSED;package=com.sec.android.app.shealth;S.card_id=32376__42425;S.extra_llm_type=llm;S.tracker_id=tracker.vitality;end,active_time_31,active_time_31,2026-01-07 08:23:48.215,2026-01-07 08:18:26.058,0,32376,VS_VITALITYSCORE,Prioritize Rest Today,5sl+lZ1Pby,com.sec.android.app.shealth,a31988ff-c2a9-4a7d-a52a-05d109295301,1767744000000,
1,0,tracker.vitality,Your excellent energy score of 86 today indicates you're ready for a new challenge. Consider increasing the intensity of your preferred activity or planning a new challenge. Your recent sleeping heart rate of 55bpm and mean sleep time of 7 hours and 17 minutes are contributing positively. Keep up the great work!,intent:#Intent;action=com.samsung.android.app.shealth.intent.action.INSIGHT_HA_LOGGING_CARD_EXPOSED;package=com.sec.android.app.shealth;S.card_id=32587__42501;S.extra_llm_type=llm;S.tracker_id=tracker.vitality;end,score_75,score_75,2026-01-08 05:35:51.445,2026-01-08 05:24:05.402,0,32587,VS_VITALITYSCORE,Boost Your Energy!,5sl+lZ1Pby,com.sec.android.app.shealth,823678ea-a85f-420e-8afd-9bc368140372,1767830400000,
1,0,tracker.vitality,"Your excellent sleeping heart rate variability indicates a healthy balance, contributing to your good energy score. However, your energy score is currently at 82, which is good but not optimal. Consider incorporating stress-reducing activities today to help improve your energy score tomorrow. Keep up your healthy habits and stay focused on your goals!",intent:#Intent;action=com.samsung.android.app.shealth.intent.action.INSIGHT_HA_LOGGING_CARD_EXPOSED;package=com.sec.android.app.shealth;S.card_id=32532__42477;S.extra_llm_type=llm;S.tracker_id=tracker.vitality;end,shrv_balance_58,shrv_balance_58,2026-01-09 06:09:52.604,2026-01-09 06:09:52.604,0,32532,VS_VITALITYSCORE,Maintain Your Balance,5sl+lZ1Pby,com.sec.android.app.shealth,7695552e-1722-493f-ad6b-e46b9b166aea,1767916800000,
1,0,tracker.vitality,"Your sleeping heart rate variability has deviated from its standard level, likely due to stress. This is affecting your energy score. Consider incorporating stress-relieving activities like deep breathing or hobbies today. Continue to focus on rest and stress management to improve your overall health.",intent:#Intent;action=com.samsung.android.app.shealth.intent.action.INSIGHT_HA_LOGGING_CARD_EXPOSED;package=com.sec.android.app.shealth;S.card_id=32535__42479;S.extra_llm_type=llm;S.tracker_id=tracker.vitality;end,shrv_balance_59,shrv_balance_59,2026-01-10 06:21:14.594,2026-01-10 06:21:14.594,0,32535,VS_VITALITYSCORE,Manage Your Stress,5sl+lZ1Pby,com.sec.android.app.shealth,27043479-a961-4ab4-96b4-f1eda688e89d,1768003200000,
1,0,tracker.vitality,"Your sleeping heart rate grade is fair, indicating a significant deviation from your usual average. This affects your rest and recovery. Today, focus on taking plenty of breaks and ensuring good sleep habits for a restful night. Consider reducing your active time to allow your body to recover. Keep up the good work and stay motivated!",intent:#Intent;action=com.samsung.android.app.shealth.intent.action.INSIGHT_HA_LOGGING_CARD_EXPOSED;package=com.sec.android.app.shealth;S.card_id=32567__42493;S.extra_llm_type=llm;S.tracker_id=tracker.vitality;end,shr_balance_67,shr_balance_67,2026-01-11 08:06:00.906,2026-01-11 08:06:00.906,0,32567,VS_VITALITYSCORE,Focus on Recovery,5sl+lZ1Pby,com.sec.android.app.shealth,018f16a5-ac1f-4c82-b504-f66f68a1b2b7,1768089600000,
1,0,tracker.vitality,"Your sleeping heart rate variability is excellent, indicating recovery and balance. This stability is key to maintaining your energy score. Continue with your regular activity and adequate sleep to keep your sleeping heart rate variability consistent. Aim for 2 hours and 40 minutes of active time today. Keep up the great work!",intent:#Intent;action=com.samsung.android.app.shealth.intent.action.INSIGHT_HA_LOGGING_CARD_EXPOSED;package=com.sec.android.app.shealth;S.card_id=32523__42475;S.extra_llm_type=llm;S.tracker_id=tracker.vitality;end,shrv_balance_57,shrv_balance_57,2026-01-12 07:46:57.262,2026-01-12 07:46:57.262,0,32523,VS_VITALITYSCORE,Maintain Your Balance,5sl+lZ1Pby,com.sec.android.app.shealth,1b9afebb-3bee-46fe-b74b-7edaa9fa8de1,1768176000000,
1,0,tracker.vitality,"Your sleeping heart rate grade is fair, indicating a significant deviation from your usual average. This affects your rest and recovery. Today, focus on taking plenty of breaks and ensuring good sleep habits for a restful night. Consider reducing your active time to help your body recover. Keep up the good work and stay motivated!",intent:#Intent;action=com.samsung.android.app.shealth.intent.action.INSIGHT_HA_LOGGING_CARD_EXPOSED;package=com.sec.android.app.shealth;S.card_id=32564__42493;S.extra_llm_type=llm;S.tracker_id=tracker.vitality;end,shr_balance_67,shr_balance_67,2026-01-13 06:11:30.951,2026-01-13 06:11:30.951,0,32564,VS_VITALITYSCORE,Focus on Recovery,5sl+lZ1Pby,com.sec.android.app.shealth,1329d67a-495f-48ad-a513-4c8a4fb0dd1a,1768262400000,
1,0,tracker.vitality,"Your sleeping heart rate is excellent, indicating good recovery. Your energy score is also excellent, showing consistent well-being. Continue with your current routine to maintain this level. Consider incorporating stress-reducing activities to keep your stress levels manageable. Keep focusing on your health goals!",intent:#Intent;action=com.samsung.android.app.shealth.intent.action.INSIGHT_HA_LOGGING_CARD_EXPOSED;package=com.sec.android.app.shealth;S.card_id=32557__42489;S.extra_llm_type=llm;S.tracker_id=tracker.vitality;end,shr_balance_65,shr_balance_65,2026-01-15 06:02:03.022,2026-01-15 06:02:03.022,0,32557,VS_VITALITYSCORE,Keep Up the Great Work!,5sl+lZ1Pby,com.sec.android.app.shealth,81009325-0d0c-4ef4-8fc3-78835f4303c0,1768435200000,
1,0,tracker.vitality,"Your sleeping heart rate is stable and in the standard range, indicating good recovery. Your energy score is excellent, contributing to your overall well-being. Continue with your current physical activity levels. Consider maintaining a consistent routine to manage your medium stress levels. Keep focusing on your health goals!",intent:#Intent;action=com.samsung.android.app.shealth.intent.action.INSIGHT_HA_LOGGING_CARD_EXPOSED;package=com.sec.android.app.shealth;S.card_id=32563__42491;S.extra_llm_type=llm;S.tracker_id=tracker.vitality;end,shr_balance_66,shr_balance_66,2026-01-17 08:03:12.863,2026-01-17 08:03:12.863,0,32563,VS_VITALITYSCORE,Keep Up the Great Work!,5sl+lZ1Pby,com.sec.android.app.shealth,0fe394c4-9da3-45ad-a2e9-ae259dad45cc,1768608000000,
1,0,tracker.vitality,"Your energy score is good today, reflecting your hard work. Your recent sleeping heart rate of 51bpm and active time of 1 hour and 26 minutes are positively influencing your energy. Consider aiming for around 8 hours of sleep tonight to boost your energy score. Keep up the great work!",intent:#Intent;action=com.samsung.android.app.shealth.intent.action.INSIGHT_HA_LOGGING_CARD_EXPOSED;package=com.sec.android.app.shealth;S.card_id=32602__42507;S.extra_llm_type=llm;S.tracker_id=tracker.vitality;end,score_76,score_76,2026-01-18 13:34:32.086,2026-01-18 13:34:32.086,0,32602,VS_VITALITYSCORE,Keep Up the Great Work!,5sl+lZ1Pby,com.sec.android.app.shealth,72aa2a3b-66d9-4287-b8bc-a0d59bd901ba,1768694400000,
1,0,tracker.vitality,Consuming alcohol or eating late at night before bed can reduce your sleep quality and affect your sleeping heart rate variability. Consider avoiding these habits to improve your sleep. This can help you feel more rested and ready for the next day. Keep up the good work and stay focused on your health goals!,intent:#Intent;action=com.samsung.android.app.shealth.intent.action.INSIGHT_HA_LOGGING_CARD_EXPOSED;package=com.sec.android.app.shealth;S.card_id=32609__42511;S.extra_llm_type=llm;S.tracker_id=tracker.vitality;end,behavior_check_before_sleep_72,behavior_check_before_sleep_72,2026-01-19 06:13:34.409,2026-01-19 02:11:03.719,0,32609,VS_VITALITYSCORE,Improve Sleep Quality,5sl+lZ1Pby,com.sec.android.app.shealth,5cca0a0e-d447-4e87-9ec8-67581d32c2ba,1768780800000,
1,0,tracker.vitality,"Your active time yesterday was 2 hours and 2 minutes, which is 9 minutes more than your recent average. This positive change contributes to your excellent energy score of 87. Continue to stay active and maintain this momentum. Keep up the great work!",intent:#Intent;action=com.samsung.android.app.shealth.intent.action.INSIGHT_HA_LOGGING_CARD_EXPOSED;package=com.sec.android.app.shealth;S.card_id=32403__42435;S.extra_llm_type=llm;S.tracker_id=tracker.vitality;end,active_time_30,active_time_30,2026-01-21 06:23:54.685,2026-01-21 06:23:54.685,0,32403,VS_VITALITYSCORE,Keep Up the Great Work!,5sl+lZ1Pby,com.sec.android.app.shealth,015572ea-62a7-4c09-b02b-c5f40d436a0b,1768953600000,
1,0,tracker.vitality,"Your active time was lower yesterday, which can affect your energy score. Aim for 2 hours and 12 minutes of active time today to improve your energy score. Consider incorporating more movement throughout your day. Staying active helps prevent health issues linked to a sedentary lifestyle. Keep pushing towards your goals!",intent:#Intent;action=com.samsung.android.app.shealth.intent.action.INSIGHT_HA_LOGGING_CARD_EXPOSED;package=com.sec.android.app.shealth;S.card_id=32418__42439;S.extra_llm_type=llm;S.tracker_id=tracker.vitality;end,active_time_34,active_time_34,2026-01-24 07:22:18.047,2026-01-24 07:22:18.047,0,32418,VS_VITALITYSCORE,Stay Active Today!,5sl+lZ1Pby,com.sec.android.app.shealth,ead24ec4-33b9-4caf-a818-a851c25d7ef4,1769212800000,
1,0,tracker.vitality,"Sleeping at 12:33 AM is contributing to your good energy score of 82. Maintaining this bedtime can help lower risks for heart disease, diabetes, and obesity. Continue your excellent sleep regularity to keep improving your health. Keep up the great work!",intent:#Intent;action=com.samsung.android.app.shealth.intent.action.INSIGHT_HA_LOGGING_CARD_EXPOSED;package=com.sec.android.app.shealth;S.card_id=32652__42532;S.extra_llm_type=llm;S.tracker_id=tracker.vitality;end,sleep_timing_23,sleep_timing_23,2026-01-26 07:15:46.088,2026-01-26 07:15:46.088,0,32652,VS_VITALITYSCORE,Maintain Your Sleep Routine,5sl+lZ1Pby,com.sec.android.app.shealth,06f92565-c02f-480a-bb9a-5dd78a80bd9c,1769385600000,
1,0,tracker.vitality,"Your active time yesterday was 2 hours and 14 minutes, which is 8 minutes more than your recent average. This positive change contributes to your good energy score of 84. Continue to stay active and maintain this trend to improve your energy score. Keep up the great work!",intent:#Intent;action=com.samsung.android.app.shealth.intent.action.INSIGHT_HA_LOGGING_CARD_EXPOSED;package=com.sec.android.app.shealth;S.card_id=32402__42435;S.extra_llm_type=llm;S.tracker_id=tracker.vitality;end,active_time_30,active_time_30,2026-01-27 07:10:36.704,2026-01-27 07:10:36.704,0,32402,VS_VITALITYSCORE,Keep Up the Great Work!,5sl+lZ1Pby,com.sec.android.app.shealth,50383e41-6198-4e40-8443-4efd16087e33,1769472000000,
1,0,tracker.vitality,"Your sleeping heart rate is stable and excellent, indicating good recovery. With an energy score of 86, you're doing well. Consider maintaining your current habits to keep this up. Keep focusing on your well-being and continue with your efforts. You're on the right track!",intent:#Intent;action=com.samsung.android.app.shealth.intent.action.INSIGHT_HA_LOGGING_CARD_EXPOSED;package=com.sec.android.app.shealth;S.card_id=32555__42489;S.extra_llm_type=llm;S.tracker_id=tracker.vitality;end,shr_balance_65,shr_balance_65,2026-01-28 06:10:34.650,2026-01-28 06:10:34.650,0,32555,VS_VITALITYSCORE,Keep Up the Great Work!,5sl+lZ1Pby,com.sec.android.app.shealth,ed313422-56b5-4aff-bd3d-138fb2ae9edd,1769558400000,
1,0,tracker.vitality,"Your energy score is good today, reflecting your hard work. Your recent sleeping heart rate of 56bpm and active time of 1 hour and 49 minutes are positively influencing your energy. Consider aiming for around 8 hours of sleep tonight to boost your energy score. Keep up the great work!",intent:#Intent;action=com.samsung.android.app.shealth.intent.action.INSIGHT_HA_LOGGING_CARD_EXPOSED;package=com.sec.android.app.shealth;S.card_id=32605__42507;S.extra_llm_type=llm;S.tracker_id=tracker.vitality;end,score_76,score_76,2026-01-29 06:46:03.073,2026-01-29 06:46:03.073,0,32605,VS_VITALITYSCORE,Keep Up the Great Work!,5sl+lZ1Pby,com.sec.android.app.shealth,e45da4d7-4c71-44d4-8b93-ed010eb03f4d,1769644800000,
1,0,tracker.vitality,"Your sleeping heart rate is stable and excellent, contributing to your overall recovery. With an energy score of 85, you're doing great. Continue your commitment to well-being and aim for consistent good health. Keep up the good work!",intent:#Intent;action=com.samsung.android.app.shealth.intent.action.INSIGHT_HA_LOGGING_CARD_EXPOSED;package=com.sec.android.app.shealth;S.card_id=32556__42489;S.extra_llm_type=llm;S.tracker_id=tracker.vitality;end,shr_balance_65,shr_balance_65,2026-01-30 06:52:07.913,2026-01-30 06:52:07.913,0,32556,VS_VITALITYSCORE,Keep Up the Great Work!,5sl+lZ1Pby,com.sec.android.app.shealth,82431015-284f-4365-9413-e0de620b04f9,1769731200000,
1,0,tracker.vitality,"Your sleeping heart rate has significantly deviated from your usual average, affecting your rest. With a fair grade, consider focusing on recovery today by taking plenty of breaks and ensuring good sleep habits. This can help improve your energy score tomorrow. Keep up the good work and stay motivated!",intent:#Intent;action=com.samsung.android.app.shealth.intent.action.INSIGHT_HA_LOGGING_CARD_EXPOSED;package=com.sec.android.app.shealth;S.card_id=32567__42493;S.extra_llm_type=llm;S.tracker_id=tracker.vitality;end,shr_balance_67,shr_balance_67,2026-01-31 08:05:06.092,2026-01-31 08:05:06.092,0,32567,VS_VITALITYSCORE,Focus on Recovery,5sl+lZ1Pby,com.sec.android.app.shealth,9d7a78ac-404e-4b87-94dc-8d6a9469c555,1769817600000,
1,0,tracker.vitality,"Your active time of 3 hours and 19 minutes yesterday is higher than your recent average of 2 hours and 2 minutes, possibly affecting your energy score. Consider reducing your active time to today's target of 2 hours and 16 minutes. This will help maintain a balanced fitness plan. Keep up the good work and stay consistent!",intent:#Intent;action=com.samsung.android.app.shealth.intent.action.INSIGHT_HA_LOGGING_CARD_EXPOSED;package=com.sec.android.app.shealth;S.card_id=32623__42517;S.extra_llm_type=llm;S.tracker_id=tracker.vitality;end,active_time_81,active_time_81,2026-02-01 07:10:38.017,2026-02-01 07:10:38.017,0,32623,VS_VITALITYSCORE,Balance Your Activity,5sl+lZ1Pby,com.sec.android.app.shealth,3fd92a3f-5308-4f98-aa57-933bfec3cc12,1769904000000,
1,0,tracker.vitality,"Your active time yesterday was lower than your average, which is a positive change to avoid overexertion. With an energy score of 84, prioritizing rest and recovery today will help you maintain your good energy score. Consider engaging in relaxing activities and light physical activity. Keep up the good work and stay focused on your health goals!",intent:#Intent;action=com.samsung.android.app.shealth.intent.action.INSIGHT_HA_LOGGING_CARD_EXPOSED;package=com.sec.android.app.shealth;S.card_id=32375__42425;S.extra_llm_type=llm;S.tracker_id=tracker.vitality;end,active_time_31,active_time_31,2026-02-04 06:00:25.985,2026-02-04 06:00:25.985,0,32375,VS_VITALITYSCORE,Prioritize Rest Today,5sl+lZ1Pby,com.sec.android.app.shealth,34081df2-91b7-4fd1-9835-40d402e56202,1770163200000,
1,0,tracker.vitality,"Your excellent energy score today suggests you're ready for a new challenge. With a recent mean sleep time of 6 hours and 33 minutes, consider aiming for around 8 hours of sleep tonight. This could help maintain your high energy levels. Keep up the great work and stay active!",intent:#Intent;action=com.samsung.android.app.shealth.intent.action.INSIGHT_HA_LOGGING_CARD_EXPOSED;package=com.sec.android.app.shealth;S.card_id=32586__42501;S.extra_llm_type=llm;S.tracker_id=tracker.vitality;end,score_75,score_75,2026-02-05 08:02:54.912,2026-02-05 07:15:38.945,0,32586,VS_VITALITYSCORE,Boost Your Energy,5sl+lZ1Pby,com.sec.android.app.shealth,15553c60-63ec-4371-9d91-c8d172dd837c,1770249600000,
1,0,tracker.vitality,"Your excellent sleeping heart rate variability indicates a healthy balance, contributing positively to your energy score. However, your energy score is currently good at 84. Consider incorporating stress-reducing activities today to help improve your energy score tomorrow. Keep up your healthy habits and stay motivated!",intent:#Intent;action=com.samsung.android.app.shealth.intent.action.INSIGHT_HA_LOGGING_CARD_EXPOSED;package=com.sec.android.app.shealth;S.card_id=32531__42477;S.extra_llm_type=llm;S.tracker_id=tracker.vitality;end,shrv_balance_58,shrv_balance_58,2026-02-07 07:22:52.397,2026-02-07 07:04:27.041,0,32531,VS_VITALITYSCORE,Maintain Your Balance,5sl+lZ1Pby,com.sec.android.app.shealth,7416c822-bcbf-439e-8674-60a8d6795138,1770422400000,
1,0,tracker.vitality,"Your excellent sleeping heart rate variability indicates a healthy balance, contributing positively to your energy score. With an energy score of 83, consider increasing your active time to around 2 hours today to boost your energy. Keep up your healthy habits and stay motivated!",intent:#Intent;action=com.samsung.android.app.shealth.intent.action.INSIGHT_HA_LOGGING_CARD_EXPOSED;package=com.sec.android.app.shealth;S.card_id=32532__42477;S.extra_llm_type=llm;S.tracker_id=tracker.vitality;end,shrv_balance_58,shrv_balance_58,2026-02-09 06:50:49.012,2026-02-09 06:50:49.012,0,32532,VS_VITALITYSCORE,Maintain Your Balance,5sl+lZ1Pby,com.sec.android.app.shealth,d254d0fe-865b-45cb-b0ba-406e6033ddd4,1770595200000,
1,0,tracker.vitality,"Your active time of 2 hours and 39 minutes yesterday is higher than your recent average of 1 hour and 22 minutes, possibly affecting your energy score. Consider reducing your active time to today's target of 1 hour and 42 minutes. This will help maintain a balanced fitness plan. Keep up the good work and stay consistent!",intent:#Intent;action=com.samsung.android.app.shealth.intent.action.INSIGHT_HA_LOGGING_CARD_EXPOSED;package=com.sec.android.app.shealth;S.card_id=32624__42517;S.extra_llm_type=llm;S.tracker_id=tracker.vitality;end,active_time_81,active_time_81,2026-02-10 06:32:18.200,2026-02-10 06:32:18.200,0,32624,VS_VITALITYSCORE,Balance Your Activity,5sl+lZ1Pby,com.sec.android.app.shealth,a15ac98b-1941-487e-9649-6f95737293f2,1770681600000,
1,0,tracker.vitality,"Your active time yesterday was lower than your average, which is a positive change. This helps prevent overexertion. Continue prioritizing rest and recovery today to maintain your excellent energy score of 90. Keep up the great work and stay focused on your health goals!",intent:#Intent;action=com.samsung.android.app.shealth.intent.action.INSIGHT_HA_LOGGING_CARD_EXPOSED;package=com.sec.android.app.shealth;S.card_id=32372__42425;S.extra_llm_type=llm;S.tracker_id=tracker.vitality;end,active_time_31,active_time_31,2026-02-11 06:37:21.960,2026-02-11 06:20:39.210,0,32372,VS_VITALITYSCORE,Prioritize Rest Today,5sl+lZ1Pby,com.sec.android.app.shealth,685048e7-be1f-4b59-b0fe-0aaf62ba6779,1770768000000,
1,0,tracker.vitality,"Your sleeping heart rate variability has deviated from its standard level, likely due to stress. This is affecting your energy score, which is currently good at 83. Consider making time for rest and stress-relieving activities today. Keep focusing on your health goals and maintain your progress.",intent:#Intent;action=com.samsung.android.app.shealth.intent.action.INSIGHT_HA_LOGGING_CARD_EXPOSED;package=com.sec.android.app.shealth;S.card_id=32534__42479;S.extra_llm_type=llm;S.tracker_id=tracker.vitality;end,shrv_balance_59,shrv_balance_59,2026-02-12 06:11:21.802,2026-02-12 06:11:21.802,0,32534,VS_VITALITYSCORE,Manage Your Stress,5sl+lZ1Pby,com.sec.android.app.shealth,7de93d08-ee90-4fb2-ac5c-34096f17710d,1770854400000,
1,0,tracker.vitality,"Your sleeping heart rate variability is excellent, indicating recovery and balance. This stability is key to maintaining your energy score. Continue with your current healthy habits, including regular activity and adequate sleep. Aim for consistent sleep and activity to keep your energy score high. Keep up the great work!",intent:#Intent;action=com.samsung.android.app.shealth.intent.action.INSIGHT_HA_LOGGING_CARD_EXPOSED;package=com.sec.android.app.shealth;S.card_id=32526__42475;S.extra_llm_type=llm;S.tracker_id=tracker.vitality;end,shrv_balance_57,shrv_balance_57,2026-02-13 07:10:17.445,2026-02-13 07:10:17.445,0,32526,VS_VITALITYSCORE,Maintain Your Balance,5sl+lZ1Pby,com.sec.android.app.shealth,175b7f88-0086-4bbc-89fe-9a9eb2f42046,1770940800000,
1,0,tracker.vitality,"Your activity consistency is excellent, contributing positively to your energy score. Yesterday's active time of 1 hour and 16 minutes is commendable. To maintain this, consider aiming for at least 1 hour of active time today. Keep up the great work and stay consistent!",intent:#Intent;action=com.samsung.android.app.shealth.intent.action.INSIGHT_HA_LOGGING_CARD_EXPOSED;package=com.sec.android.app.shealth;S.card_id=32238__42371;S.extra_llm_type=llm;S.tracker_id=tracker.vitality;end,activity_consistency_83,activity_consistency_83,2026-02-14 07:11:57.140,2026-02-14 07:11:57.140,0,32238,VS_VITALITYSCORE,Keep Up the Great Work!,5sl+lZ1Pby,com.sec.android.app.shealth,019d3231-46e9-4d73-966c-44771b8ac9cb,1771027200000,
1,0,tracker.vitality,"Your sleeping heart rate variability is deviating from its standard level, likely due to stress. This is affecting your energy score, which is currently fair at 67. Consider taking time today to rest and engage in stress-relieving activities. Prioritize your health and aim for a better energy score tomorrow. Keep focusing on your health goals!",intent:#Intent;action=com.samsung.android.app.shealth.intent.action.INSIGHT_HA_LOGGING_CARD_EXPOSED;package=com.sec.android.app.shealth;S.card_id=32536__42479;S.extra_llm_type=llm;S.tracker_id=tracker.vitality;end,shrv_balance_59,shrv_balance_59,2026-02-15 09:43:30.959,2026-02-15 09:43:30.959,0,32536,VS_VITALITYSCORE,Manage Your Stress,5sl+lZ1Pby,com.sec.android.app.shealth,2150cea6-9596-4ec5-a9ec-c39a536734e0,1771113600000,
1,0,tracker.vitality,"Your sleeping heart rate variability is excellent, indicating recovery and balance. This stability is key to maintaining your energy score. Continue with your current healthy habits, including regular activity and adequate sleep. Aim for consistent sleep and activity to keep your energy levels high. Keep up the great work!",intent:#Intent;action=com.samsung.android.app.shealth.intent.action.INSIGHT_HA_LOGGING_CARD_EXPOSED;package=com.sec.android.app.shealth;S.card_id=32523__42475;S.extra_llm_type=llm;S.tracker_id=tracker.vitality;end,shrv_balance_57,shrv_balance_57,2026-02-16 06:04:31.508,2026-02-16 06:04:31.508,0,32523,VS_VITALITYSCORE,Maintain Your Balance,5sl+lZ1Pby,com.sec.android.app.shealth,60c3ca13-b9ae-4c6a-878c-f2fff455c780,1771200000000,
1,0,tracker.vitality,"Your sleeping heart rate variability is fair, likely due to stress, affecting your energy score. Consider incorporating stress-relieving activities like deep breathing or hobbies today. This can help improve your energy score tomorrow. Keep focusing on your health goals!",intent:#Intent;action=com.samsung.android.app.shealth.intent.action.INSIGHT_HA_LOGGING_CARD_EXPOSED;package=com.sec.android.app.shealth;S.card_id=32536__42479;S.extra_llm_type=llm;S.tracker_id=tracker.vitality;end,shrv_balance_59,shrv_balance_59,2026-02-17 07:33:45.381,2026-02-17 07:33:45.381,0,32536,VS_VITALITYSCORE,Manage Your Stress,5sl+lZ1Pby,com.sec.android.app.shealth,a3330e18-a7e2-4496-8cb7-780d1aec2ebd,1771286400000,
1,0,tracker.vitality,"Your sleeping heart rate variability is excellent, indicating recovery and balance. This stability is key to maintaining your energy score. Continue with your current healthy habits, including regular activity and adequate sleep. Keep up the great work to maintain your excellent energy score!",intent:#Intent;action=com.samsung.android.app.shealth.intent.action.INSIGHT_HA_LOGGING_CARD_EXPOSED;package=com.sec.android.app.shealth;S.card_id=32527__42475;S.extra_llm_type=llm;S.tracker_id=tracker.vitality;end,shrv_balance_57,shrv_balance_57,2026-02-18 06:37:25.461,2026-02-18 06:37:25.461,0,32527,VS_VITALITYSCORE,Maintain Your Balance,5sl+lZ1Pby,com.sec.android.app.shealth,86011aa5-6d2d-457c-8a04-e3ca38f5a786,1771372800000,
1,0,tracker.vitality,"Your sleeping heart rate variability is excellent, indicating a healthy balance. This contributes to your good energy score. To maintain this, consider reducing your stress levels today. Keep up your healthy habits and stay focused on your goals!",intent:#Intent;action=com.samsung.android.app.shealth.intent.action.INSIGHT_HA_LOGGING_CARD_EXPOSED;package=com.sec.android.app.shealth;S.card_id=32531__42477;S.extra_llm_type=llm;S.tracker_id=tracker.vitality;end,shrv_balance_58,shrv_balance_58,2026-02-19 07:38:42.908,2026-02-19 07:38:42.908,0,32531,VS_VITALITYSCORE,Maintain Your Balance,5sl+lZ1Pby,com.sec.android.app.shealth,b2f09664-e921-4db5-822d-690ef1f27acf,1771459200000,
1,0,tracker.vitality,"Your sleeping heart rate is excellent, indicating good recovery. With a good energy score of 83, you're on the right track. Consider maintaining your current activity levels and focusing on stress-reducing activities to further improve your energy score. Keep up the great work!",intent:#Intent;action=com.samsung.android.app.shealth.intent.action.INSIGHT_HA_LOGGING_CARD_EXPOSED;package=com.sec.android.app.shealth;S.card_id=32552__42489;S.extra_llm_type=llm;S.tracker_id=tracker.vitality;end,shr_balance_65,shr_balance_65,2026-02-20 06:01:50.123,2026-02-20 06:01:50.123,0,32552,VS_VITALITYSCORE,Keep Up the Great Work!,5sl+lZ1Pby,com.sec.android.app.shealth,8c119b6d-bc24-4646-be3a-a2481002d78b,1771545600000,
1,0,tracker.vitality,"Your sleeping heart rate has significantly deviated from your usual average, affecting your rest. This is linked to your fair energy score. Consider taking plenty of breaks today and ensuring good sleep habits tonight. This will help improve your recovery and energy levels. Keep up the good work!",intent:#Intent;action=com.samsung.android.app.shealth.intent.action.INSIGHT_HA_LOGGING_CARD_EXPOSED;package=com.sec.android.app.shealth;S.card_id=32564__42493;S.extra_llm_type=llm;S.tracker_id=tracker.vitality;end,shr_balance_67,shr_balance_67,2026-02-22 08:09:40.259,2026-02-22 08:03:07.780,0,32564,VS_VITALITYSCORE,Focus on Recovery,5sl+lZ1Pby,com.sec.android.app.shealth,075ffde1-c81b-46e5-bdb9-2ae6e8176e36,1771718400000,
1,0,tracker.vitality,"Your sleeping heart rate is excellent, indicating good recovery. Your energy score is good at 84, which is above the average. To maintain this, consider reducing stress with relaxing activities today. Keep up your commitment to well-being for continued success.",intent:#Intent;action=com.samsung.android.app.shealth.intent.action.INSIGHT_HA_LOGGING_CARD_EXPOSED;package=com.sec.android.app.shealth;S.card_id=32557__42489;S.extra_llm_type=llm;S.tracker_id=tracker.vitality;end,shr_balance_65,shr_balance_65,2026-02-25 07:09:18.016,2026-02-25 07:09:18.016,0,32557,VS_VITALITYSCORE,Keep Up the Great Work!,5sl+lZ1Pby,com.sec.android.app.shealth,adf872b7-404c-4a61-a4a8-0350277abef3,1771977600000,
1,0,tracker.vitality,"Your sleeping heart rate is excellent and stable, indicating good recovery. Your energy score is also excellent at 90. Continue with your current routine to maintain this level of health. Consider incorporating stress-reducing activities to keep your stress levels manageable. Keep focusing on your well-being!",intent:#Intent;action=com.samsung.android.app.shealth.intent.action.INSIGHT_HA_LOGGING_CARD_EXPOSED;package=com.sec.android.app.shealth;S.card_id=32557__42489;S.extra_llm_type=llm;S.tracker_id=tracker.vitality;end,shr_balance_65,shr_balance_65,2026-02-26 06:27:50.516,2026-02-26 06:27:50.516,0,32557,VS_VITALITYSCORE,Keep Up the Great Work!,5sl+lZ1Pby,com.sec.android.app.shealth,9b6360d2-4d17-4bc5-8200-763be3fb4a5d,1772064000000,
1,0,tracker.vitality,"Your sleeping heart rate is stable and in the standard range, indicating good recovery. With an excellent energy score, you can resume physical activity. Consider maintaining your current activity levels to keep your energy high. Continue managing your stress to support your recovery. Keep up the great work!",intent:#Intent;action=com.samsung.android.app.shealth.intent.action.INSIGHT_HA_LOGGING_CARD_EXPOSED;package=com.sec.android.app.shealth;S.card_id=32561__42491;S.extra_llm_type=llm;S.tracker_id=tracker.vitality;end,shr_balance_66,shr_balance_66,2026-02-27 06:44:26.150,2026-02-27 06:44:26.150,0,32561,VS_VITALITYSCORE,Recovery and Activity,5sl+lZ1Pby,com.sec.android.app.shealth,f1d310f0-15ff-4b0f-945f-4a9449c00634,1772150400000,
1,0,tracker.vitality,"Your sleeping heart rate has significantly deviated from your usual average, affecting your rest. With a good energy score of 81, consider focusing on recovery today by taking plenty of breaks and ensuring good sleep habits. This will help improve your resting heart rate and overall energy. Keep up the good work and stay motivated!",intent:#Intent;action=com.samsung.android.app.shealth.intent.action.INSIGHT_HA_LOGGING_CARD_EXPOSED;package=com.sec.android.app.shealth;S.card_id=32564__42493;S.extra_llm_type=llm;S.tracker_id=tracker.vitality;end,shr_balance_67,shr_balance_67,2026-02-28 08:43:04.635,2026-02-28 08:43:04.635,0,32564,VS_VITALITYSCORE,Focus on Recovery,5sl+lZ1Pby,com.sec.android.app.shealth,4df7ada9-15ee-4998-af6c-1a6a4fca363f,1772236800000,
1,0,tracker.vitality,Your active time of 3 hours and 23 minutes yesterday is significantly higher than your recent average of 1 hour and 47 minutes. This excessive activity may be affecting your energy score. Consider reducing your active time to today's target of 2 hours and 7 minutes. Keep up the good work and stay balanced!,intent:#Intent;action=com.samsung.android.app.shealth.intent.action.INSIGHT_HA_LOGGING_CARD_EXPOSED;package=com.sec.android.app.shealth;S.card_id=32622__42517;S.extra_llm_type=llm;S.tracker_id=tracker.vitality;end,active_time_81,active_time_81,2026-03-01 09:44:17.346,2026-03-01 09:44:17.346,0,32622,VS_VITALITYSCORE,Balance Your Activity,5sl+lZ1Pby,com.sec.android.app.shealth,ff7d0f4f-5d8e-4c46-b339-bcd88bd10d13,1772323200000,
1,0,tracker.vitality,Consuming alcohol or eating late at night before bed can reduce your sleep quality and affect your energy score. Consider avoiding these habits to improve your rapid eye movement sleep and sleeping heart rate variability. This can help you feel more rested and energized. Keep up the good work!,intent:#Intent;action=com.samsung.android.app.shealth.intent.action.INSIGHT_HA_LOGGING_CARD_EXPOSED;package=com.sec.android.app.shealth;S.card_id=32614__42511;S.extra_llm_type=llm;S.tracker_id=tracker.vitality;end,behavior_check_before_sleep_72,behavior_check_before_sleep_72,2026-03-03 06:10:58.908,2026-03-03 06:10:58.908,0,32614,VS_VITALITYSCORE,Improve Sleep Quality,5sl+lZ1Pby,com.sec.android.app.shealth,30e4493e-7649-436c-81ac-1d10f2044e32,1772496000000,
1,0,tracker.vitality,"Your sleeping heart rate has deviated from your usual average, affecting your rest. This is linked to your current grade of ""fair."" Consider focusing on recovery today by taking plenty of breaks and ensuring good sleep habits. This can help improve your energy score. Keep up the good work!",intent:#Intent;action=com.samsung.android.app.shealth.intent.action.INSIGHT_HA_LOGGING_CARD_EXPOSED;package=com.sec.android.app.shealth;S.card_id=32567__42493;S.extra_llm_type=llm;S.tracker_id=tracker.vitality;end,shr_balance_67,shr_balance_67,2026-03-04 06:41:39.564,2026-03-04 06:27:13.666,0,32567,VS_VITALITYSCORE,Focus on Recovery,5sl+lZ1Pby,com.sec.android.app.shealth,69f81cce-5ac4-4b23-9974-5802879f8625,1772582400000,
1,0,tracker.vitality,"Your active time yesterday was lower than your average, which is a positive change. This helps avoid overexertion and strain. Continue to prioritize rest and recovery today to maintain your energy score. Keep up the good work and stay focused on your health goals!",intent:#Intent;action=com.samsung.android.app.shealth.intent.action.INSIGHT_HA_LOGGING_CARD_EXPOSED;package=com.sec.android.app.shealth;S.card_id=32374__42425;S.extra_llm_type=llm;S.tracker_id=tracker.vitality;end,active_time_31,active_time_31,2026-03-05 07:38:10.041,2026-03-05 07:38:10.041,0,32374,VS_VITALITYSCORE,Prioritize Rest Today,5sl+lZ1Pby,com.sec.android.app.shealth,f0f24397-d76a-4f38-a8b9-7ab6125ee248,1772668800000,
1,0,tracker.vitality,"Your sleeping heart rate variability is excellent, indicating recovery and balance. Continue with your regular activity and adequate sleep to maintain this stability. Aim for an average of 2 hours and 30 minutes of active time daily. Keep up the great work to sustain your energy score!",intent:#Intent;action=com.samsung.android.app.shealth.intent.action.INSIGHT_HA_LOGGING_CARD_EXPOSED;package=com.sec.android.app.shealth;S.card_id=33064__42699;S.extra_llm_type=llm;S.tracker_id=tracker.vitality;end,shrv_balance_57,shrv_balance_57,2026-03-07 07:17:00.884,2026-03-07 07:17:00.884,0,33064,VS_VITALITYSCORE,Maintain Your Balance,5sl+lZ1Pby,com.sec.android.app.shealth,06a569f7-7bca-4721-87db-f608a88b7a1b,1772841600000,
0,0,tracker.vitality,Your physical activity is a bit excessive lately. Be sure to prioritize adequate rest. You don't want to push yourself too far to the point of injury.,intent:#Intent;action=com.samsung.android.app.shealth.intent.action.INSIGHT_HA_LOGGING_CARD_EXPOSED;package=com.sec.android.app.shealth;S.card_id=32916__42651;S.extra_llm_type=rule;S.tracker_id=tracker.vitality;end,active_time_33,AT-9,2026-03-08 03:37:04.770,2026-03-08 03:37:04.770,0,32916,VS_VITALITYSCORE,Rest is your friend,5sl+lZ1Pby,com.sec.android.app.shealth,ec0c1c85-f140-4bdb-963a-9f3ca138af48,1772928000000,
0,0,tracker.vitality,"During the last 2 days, you moved 118 minutes more yesterday than you usually do. While consistent activity provides significant health benefits, sometimes overdoing it compared to your usual can put strain on your body. The goal for you right now is to find that balance between activity and rest.",intent:#Intent;action=com.samsung.android.app.shealth.intent.action.INSIGHT_HA_LOGGING_CARD_EXPOSED;package=com.sec.android.app.shealth;S.card_id=33133__42723;S.extra_llm_type=rule;S.tracker_id=tracker.vitality;end,active_time_81,AT-12-2,2026-03-09 07:29:18.231,2026-03-09 07:29:18.231,0,33133,VS_VITALITYSCORE,Rest is your friend,5sl+lZ1Pby,com.sec.android.app.shealth,82753436-cf11-4b10-a1e0-9fe4ed633099,1773014400000,
1,0,tracker.vitality,"Your active time yesterday was lower than your average, which is a positive change to avoid overexertion. With an energy score of 83, prioritize rest and recovery today to maintain your good energy level. Consider light activities like walking or stretching. Keep focusing on your health goals!",intent:#Intent;action=com.samsung.android.app.shealth.intent.action.INSIGHT_HA_LOGGING_CARD_EXPOSED;package=com.sec.android.app.shealth;S.card_id=32915__42649;S.extra_llm_type=llm;S.tracker_id=tracker.vitality;end,active_time_31,active_time_31,2026-03-12 07:00:35.339,2026-03-12 07:00:35.339,0,32915,VS_VITALITYSCORE,Prioritize Rest Today,5sl+lZ1Pby,com.sec.android.app.shealth,c6e5143f-9bd7-4c2d-8ade-6210fbcccc4e,1773273600000,
1,0,tracker.vitality,"Your heart rate took a while to settle down, affecting your REM sleep and sleeping HRV. Consider reducing some activities like exercise or alcohol intake before bed to improve recovery. Aim for consistent sleep and activity levels to boost your energy score. Keep focusing on your health goals!",intent:#Intent;action=com.samsung.android.app.shealth.intent.action.INSIGHT_HA_LOGGING_CARD_EXPOSED;package=com.sec.android.app.shealth;S.card_id=33126__42721;S.extra_llm_type=llm;S.tracker_id=tracker.vitality;end,behavior_check_before_sleep_72,behavior_check_before_sleep_72,2026-03-16 06:55:32.442,2026-03-16 06:55:32.442,0,33126,VS_VITALITYSCORE,Improve Your Recovery,5sl+lZ1Pby,com.sec.android.app.shealth,7f04995d-c1e0-4586-bff3-849f8fb7bb23,1773619200000,
1,0,tracker.vitality,"Your heart rate took a while to settle last night, affecting your REM sleep and sleeping HRV. Activities like exercising, drinking alcohol, or eating a meal can reduce recovery during sleep. Consider reducing these activities tonight to improve your energy score tomorrow. Keep focusing on your health goals!",intent:#Intent;action=com.samsung.android.app.shealth.intent.action.INSIGHT_HA_LOGGING_CARD_EXPOSED;package=com.sec.android.app.shealth;S.card_id=33130__42721;S.extra_llm_type=llm;S.tracker_id=tracker.vitality;end,behavior_check_before_sleep_72,behavior_check_before_sleep_72,2026-03-18 06:19:04.251,2026-03-18 06:19:04.251,0,33130,VS_VITALITYSCORE,Improve Your Recovery,5sl+lZ1Pby,com.sec.android.app.shealth,1e5f81a6-b369-479c-8bfa-5d7c0cfb45e9,1773792000000,
1,0,tracker.vitality,"Your energy score is fair at 67, indicating your body and mind need more rest. With a recent mean sleep time of 4 hours and 42 minutes, consider aiming for around 8 hours of sleep tonight. This will help improve your energy score tomorrow. Keep focusing on your health goals!",intent:#Intent;action=com.samsung.android.app.shealth.intent.action.INSIGHT_HA_LOGGING_CARD_EXPOSED;package=com.sec.android.app.shealth;S.card_id=33108__42715;S.extra_llm_type=llm;S.tracker_id=tracker.vitality;end,score_77,score_77,2026-03-20 08:08:34.694,2026-03-20 08:08:34.694,0,33108,VS_VITALITYSCORE,Rest and Recharge,5sl+lZ1Pby,com.sec.android.app.shealth,144348f1-16e8-4601-b407-8f7310f00349,1773964800000,
1,0,tracker.vitality,Your consistent sleep behavior is positively influencing your physical and mental health. Maintaining this pattern is crucial for optimizing your energy score. Consider continuing with your current sleep routine to further improve your energy levels. Keep up the good work!,intent:#Intent;action=com.samsung.android.app.shealth.intent.action.INSIGHT_HA_LOGGING_CARD_EXPOSED;package=com.sec.android.app.shealth;S.card_id=32884__42633;S.extra_llm_type=llm;S.tracker_id=tracker.vitality;end,sleep_balance_12,sleep_balance_12,2026-03-21 07:44:14.210,2026-03-21 07:44:14.210,0,32884,VS_VITALITYSCORE,Keep Up the Great Work!,5sl+lZ1Pby,com.sec.android.app.shealth,e0d00d09-6991-46dc-90c7-8619a77536c8,1774051200000,
