com.samsung.shealth.badge,6311013,1
number_of_streak,start_time,exercise_type,device_type,status,sleep_coaching_session_uuid,update_time,create_time,source_pkg_name,key,program_id,is_shown,time_offset,extra_data,deviceuuid,pkg_name,exercise_data_uuid,controller_id,end_time,datauuid
,2023-07-21 04:27:57.667,,,1,,2023-07-21 09:27:57.675,2023-07-21 09:27:57.675,,sleep_goal_first_sleep,,,UTC+0000,,AxW6kiZDC9,com.sec.android.app.shealth,,Sleep.Goal,2023-07-21 04:27:57.667,b458cd91-94f0-4611-9784-26ac704dec3e,
,2023-10-24 11:03:32.319,,,1,,2023-10-24 11:03:32.933,2023-10-24 11:03:32.933,,weight_first_body_check,,,UTC-0500,,v8fPmWJTef,com.sec.android.app.shealth,,tracker.weight,2023-10-24 11:03:32.319,3f98a1f8-6611-4d62-bb49-d0ab4afe9d38,
,2024-03-03 12:49:14.761,1002,,1,,2024-03-03 13:04:01.206,2024-03-03 13:04:01.206,,running_first_run,,,UTC-0500,,v8fPmWJTef,com.sec.android.app.shealth,4bda31eb-dd64-4d34-bc48-13741c67b453,tracker.exercise,2024-03-03 13:04:00.546,c437f46e-8643-408e-8f95-a1c04e5af363,
,2023-12-30 00:00:00.000,,,1,adf38e21-3131-4d28-a8d2-ad4dc20b967a,2024-03-08 19:01:39.904,2024-03-08 19:01:39.904,,sleep_coaching_completion_penguin,,,UTC-0500,,AxW6kiZDC9,com.sec.android.app.shealth,,Sleep.Goal,2024-01-19 00:00:00.000,7eddf103-ac3a-447d-a20d-1b02d0aae86c,
,2024-03-10 00:00:00.000,,,1,cdb9bcb4-3c21-4284-ba60-4d5fd65330e5,2024-04-30 10:40:44.816,2024-04-30 10:40:44.816,,sleep_coaching_completion_lion,,,UTC-0500,,AxW6kiZDC9,com.sec.android.app.shealth,,Sleep.Goal,2024-03-30 00:00:00.000,ce7ab2c1-b5ea-4161-a631-50541c88c40e,
1,2024-07-19 05:00:00.000,,,1,,2024-07-19 08:33:07.786,2024-07-19 08:33:07.786,,sleep_good_sleep,,,UTC-0500,,AxW6kiZDC9,com.sec.android.app.shealth,,Sleep.Goal,2024-07-20 04:59:59.999,99f2c507-e538-4b8a-bd9b-90b1bc65ef55,
1,2024-07-21 05:00:00.000,,,1,,2024-07-21 13:19:28.259,2024-07-21 13:19:28.259,,sleep_excellent_sleep,,,UTC-0500,,AxW6kiZDC9,com.sec.android.app.shealth,,Sleep.Goal,2024-07-22 04:59:59.999,9ef13dd0-ba2d-4e75-bc59-466fa3494108,
1,2024-07-22 05:00:00.000,,,1,,2024-07-22 10:57:46.303,2024-07-22 10:57:46.303,,sleep_excellent_sleep,,,UTC-0500,,AxW6kiZDC9,com.sec.android.app.shealth,,Sleep.Goal,2024-07-23 04:59:59.999,9c8287bb-6fca-49ae-9fac-9ce7f8e0a24e,
1,2024-07-25 05:00:00.000,,,1,,2024-07-25 11:51:30.321,2024-07-25 11:51:30.321,,sleep_excellent_sleep,,,UTC-0500,,AxW6kiZDC9,com.sec.android.app.shealth,,Sleep.Goal,2024-07-26 04:59:59.999,e54cc698-0ca9-4eb1-9ca3-7358b8617787,
1,2024-08-06 05:00:00.000,,,1,,2024-08-06 12:06:51.328,2024-08-06 12:06:51.328,,sleep_excellent_sleep,,,UTC-0500,,AxW6kiZDC9,com.sec.android.app.shealth,,Sleep.Goal,2024-08-07 04:59:59.999,0ebff297-b2d0-4bba-a4bd-f69f5af3b9f7,
1,2024-08-08 05:00:00.000,,,1,,2024-08-08 13:09:12.689,2024-08-08 13:09:12.689,,sleep_excellent_sleep,,,UTC-0500,,AxW6kiZDC9,com.sec.android.app.shealth,,Sleep.Goal,2024-08-09 04:59:59.999,da35782d-ddf9-462b-818a-0be0271f4eb0,
1,2024-08-14 05:00:00.000,,,1,,2024-08-14 12:14:57.767,2024-08-14 12:14:57.767,,sleep_excellent_sleep,,,UTC-0500,,AxW6kiZDC9,com.sec.android.app.shealth,,Sleep.Goal,2024-08-15 04:59:59.999,2aa580ec-70ba-4df6-b901-4c799aa8bc1b,
1,2024-08-20 05:00:00.000,,,1,,2024-08-20 10:37:30.569,2024-08-20 10:37:30.569,,sleep_excellent_sleep,,,UTC-0500,,AxW6kiZDC9,com.sec.android.app.shealth,,Sleep.Goal,2024-08-21 04:59:59.999,36d3e6a3-14b4-4f46-b9f0-7de6dae4ce83,
1,2024-08-27 05:00:00.000,,,1,,2024-08-27 22:23:13.606,2024-08-27 22:23:13.606,,sleep_excellent_sleep,,,UTC-0500,,AxW6kiZDC9,com.sec.android.app.shealth,,Sleep.Goal,2024-08-28 04:59:59.999,5ae33a41-97d3-4143-bb5e-d560de09f23e,
1,2024-09-05 05:00:00.000,,,1,,2024-09-05 12:22:18.916,2024-09-05 12:22:18.916,,sleep_excellent_sleep,,,UTC-0500,,AxW6kiZDC9,com.sec.android.app.shealth,,Sleep.Goal,2024-09-06 04:59:59.999,0dad70d9-5ef3-4fc2-9163-c0ba45cb7980,
1,2024-09-06 05:00:00.000,,,1,,2024-09-06 11:14:30.147,2024-09-06 11:14:30.147,,sleep_excellent_sleep,,,UTC-0500,,AxW6kiZDC9,com.sec.android.app.shealth,,Sleep.Goal,2024-09-07 04:59:59.999,f813c01b-c0c2-494b-b565-cc63eaa37897,
1,2024-09-15 05:00:00.000,,,1,,2024-09-15 13:27:26.071,2024-09-15 13:27:26.071,,sleep_excellent_sleep,,,UTC-0500,,AxW6kiZDC9,com.sec.android.app.shealth,,Sleep.Goal,2024-09-16 04:59:59.999,2b9cab0d-cac9-421d-9d1b-0e6a9ec90c50,
1,2024-09-18 05:00:00.000,,,1,,2024-09-18 11:13:23.214,2024-09-18 11:13:23.214,,sleep_excellent_sleep,,,UTC-0500,,AxW6kiZDC9,com.sec.android.app.shealth,,Sleep.Goal,2024-09-19 04:59:59.999,745284e6-1aad-49eb-9331-83e647791642,
1,2024-09-23 05:00:00.000,,,1,,2024-09-23 10:36:00.324,2024-09-23 10:36:00.324,,sleep_excellent_sleep,,,UTC-0500,,AxW6kiZDC9,com.sec.android.app.shealth,,Sleep.Goal,2024-09-24 04:59:59.999,98697cc3-b671-4735-b4b0-acaab17da836,
1,2024-09-27 05:00:00.000,,,1,,2024-09-27 11:12:52.402,2024-09-27 11:12:52.402,,sleep_excellent_sleep,,,UTC-0500,,AxW6kiZDC9,com.sec.android.app.shealth,,Sleep.Goal,2024-09-28 04:59:59.999,9193d662-a7f9-4022-b883-9f0a2231ffa7,
1,2024-09-29 05:00:00.000,,,1,,2024-09-29 12:27:22.981,2024-09-29 12:27:22.981,,sleep_excellent_sleep,,,UTC-0500,,AxW6kiZDC9,com.sec.android.app.shealth,,Sleep.Goal,2024-09-30 04:59:59.999,459b3c35-5c9d-4c9c-b68c-3a84bf88c961,
1,2024-10-05 05:00:00.000,,,1,,2024-10-05 11:31:44.762,2024-10-05 11:31:44.762,,sleep_excellent_sleep,,,UTC-0500,,AxW6kiZDC9,com.sec.android.app.shealth,,Sleep.Goal,2024-10-06 04:59:59.999,17e62802-3cbd-4612-9cbc-bd37631dcff5,
1,2024-10-08 05:00:00.000,,,1,,2024-10-08 10:50:46.748,2024-10-08 10:50:46.748,,sleep_excellent_sleep,,,UTC-0500,,AxW6kiZDC9,com.sec.android.app.shealth,,Sleep.Goal,2024-10-09 04:59:59.999,5ce042eb-2bb2-41ee-bd25-fc204f960947,
1,2024-10-09 05:00:00.000,,,1,,2024-10-09 10:44:40.994,2024-10-09 10:44:40.994,,sleep_excellent_sleep,,,UTC-0500,,AxW6kiZDC9,com.sec.android.app.shealth,,Sleep.Goal,2024-10-10 04:59:59.999,8586508a-7f61-464c-aa0e-21934591c156,
1,2024-10-16 05:00:00.000,,,1,,2024-10-16 13:04:41.124,2024-10-16 13:04:41.124,,sleep_excellent_sleep,,,UTC-0500,,AxW6kiZDC9,com.sec.android.app.shealth,,Sleep.Goal,2024-10-17 04:59:59.999,77fb1b21-3a2c-4335-afa1-9e9f288e0811,
1,2024-10-19 05:00:00.000,,,1,,2024-10-20 11:31:52.184,2024-10-20 11:31:52.184,,sleep_excellent_sleep,,,UTC-0500,,AxW6kiZDC9,com.sec.android.app.shealth,,Sleep.Goal,2024-10-20 04:59:59.999,b9234ba1-365c-4689-bd59-6ca967190a8b,
1,2024-10-22 05:00:00.000,,,1,,2024-10-22 13:01:18.012,2024-10-22 13:01:18.012,,sleep_excellent_sleep,,,UTC-0500,,AxW6kiZDC9,com.sec.android.app.shealth,,Sleep.Goal,2024-10-23 04:59:59.999,bb925aea-7922-49f9-88f9-90981c9f9879,
1,2024-10-23 05:00:00.000,,,1,,2024-10-23 10:26:42.278,2024-10-23 10:26:42.278,,sleep_excellent_sleep,,,UTC-0500,,AxW6kiZDC9,com.sec.android.app.shealth,,Sleep.Goal,2024-10-24 04:59:59.999,3366d22c-1d25-46b4-8c8d-df5694900d87,
1,2024-10-26 05:00:00.000,,,1,,2024-10-26 11:33:18.651,2024-10-26 11:33:18.651,,sleep_excellent_sleep,,,UTC-0500,,AxW6kiZDC9,com.sec.android.app.shealth,,Sleep.Goal,2024-10-27 04:59:59.999,71c179ee-4b3e-4de4-b0b2-f3d52d736a27,
1,2024-10-29 05:00:00.000,,,1,,2024-10-29 10:44:13.713,2024-10-29 10:44:13.713,,sleep_excellent_sleep,,,UTC-0500,,AxW6kiZDC9,com.sec.android.app.shealth,,Sleep.Goal,2024-10-30 04:59:59.999,3d596b31-bb71-4724-84f8-b61070f6485b,
,2023-07-15 05:00:00.000,,100003,1,,2024-11-08 13:20:51.176,2023-07-19 08:47:11.466,com.sec.android.app.shealth,step_milestone_20k_steps,,,UTC-0500,14993.336894201644,AxW6kiZDC9,com.sec.android.app.shealth,,tracker.pedometer,2023-07-16 04:59:59.999,662da452-888a-4a86-8c89-216194e62bdd,
,2023-07-15 05:00:00.000,,100003,1,,2024-11-08 13:20:51.163,2023-07-19 08:47:11.567,com.sec.android.app.shealth,step_milestone_10k_steps,,,UTC-0500,7496.668447100822,AxW6kiZDC9,com.sec.android.app.shealth,,tracker.pedometer,2023-07-16 04:59:59.999,b23dfc11-3691-47bc-9107-716341875042,
,2023-09-08 05:00:00.000,,100003,1,,2024-11-08 13:20:51.188,2023-09-08 22:48:57.085,com.sec.android.app.shealth,step_milestone_30k_steps,,,UTC-0500,20936.964938299538,AxW6kiZDC9,com.sec.android.app.shealth,,tracker.pedometer,2023-09-09 04:59:59.999,ed48f1a2-1b68-4ffe-bf9d-465fbc5a80b9,
1,2024-11-10 05:00:00.000,,,1,,2024-11-10 16:10:06.280,2024-11-10 16:10:06.280,,sleep_excellent_sleep,,,UTC-0500,,AxW6kiZDC9,com.sec.android.app.shealth,,Sleep.Goal,2024-11-11 04:59:59.999,782be72b-5ef4-46e4-999c-f938e6a53c24,
1,2024-11-12 05:00:00.000,,,1,,2024-11-12 12:59:38.728,2024-11-12 12:59:38.728,,sleep_excellent_sleep,,,UTC-0500,,AxW6kiZDC9,com.sec.android.app.shealth,,Sleep.Goal,2024-11-13 04:59:59.999,3f9ba585-a426-474f-9b82-06200120130e,
1,2024-11-15 05:00:00.000,,,1,,2024-11-15 10:56:51.278,2024-11-15 10:56:51.278,,sleep_excellent_sleep,,,UTC-0500,,AxW6kiZDC9,com.sec.android.app.shealth,,Sleep.Goal,2024-11-16 04:59:59.999,c9164ea2-8a75-42fc-9ee8-e7a3b0823f50,
1,2024-11-20 05:00:00.000,,,1,,2024-11-20 11:43:31.425,2024-11-20 11:43:31.425,,sleep_excellent_sleep,,,UTC-0500,,AxW6kiZDC9,com.sec.android.app.shealth,,Sleep.Goal,2024-11-21 04:59:59.999,1a9989a9-a368-4f53-b4fe-7337892edbca,
1,2024-11-21 05:00:00.000,,,1,,2024-11-21 17:03:25.410,2024-11-21 17:03:25.410,,sleep_excellent_sleep,,,UTC-0500,,AxW6kiZDC9,com.sec.android.app.shealth,,Sleep.Goal,2024-11-22 04:59:59.999,64c14cf1-d641-4351-8de0-0db59d6bcfd3,
1,2024-11-25 05:00:00.000,,,1,,2024-11-25 11:43:03.293,2024-11-25 11:43:03.293,,sleep_excellent_sleep,,,UTC-0500,,AxW6kiZDC9,com.sec.android.app.shealth,,Sleep.Goal,2024-11-26 04:59:59.999,11ec5680-d852-48d9-9a45-c420aa9eab62,
1,2024-12-04 05:00:00.000,,,1,,2024-12-04 12:22:10.006,2024-12-04 12:22:10.006,,sleep_excellent_sleep,,,UTC-0500,,AxW6kiZDC9,com.sec.android.app.shealth,,Sleep.Goal,2024-12-05 04:59:59.999,2deae6a7-2d64-4904-bfbb-4e114c90e489,
,2024-12-05 00:16:24.728,1001,,1,,2024-12-05 00:26:31.441,2024-12-05 00:26:31.441,,exercise_goal_first_achieve,,,UTC-0500,,v8fPmWJTef,com.sec.android.app.shealth,1d68cda5-4661-4cc9-9f69-db0d04af479f,tracker.exercise,2024-12-05 00:26:24.728,79470cb5-c2c4-4f48-8a9f-bd14ab98e038,
1,2024-12-11 05:00:00.000,,,1,,2024-12-11 11:13:29.656,2024-12-11 11:13:29.656,,sleep_excellent_sleep,,,UTC-0500,,AxW6kiZDC9,com.sec.android.app.shealth,,Sleep.Goal,2024-12-12 04:59:59.999,9f6b93ac-ad07-4e14-897c-66c5aad5e9c3,
1,2024-12-14 05:00:00.000,,,1,,2024-12-14 13:06:24.134,2024-12-14 13:06:24.134,,sleep_excellent_sleep,,,UTC-0500,,AxW6kiZDC9,com.sec.android.app.shealth,,Sleep.Goal,2024-12-15 04:59:59.999,2fe12b7f-31aa-48c7-84b2-d547b0ce954a,
1,2024-12-15 05:00:00.000,,,1,,2024-12-15 13:35:17.800,2024-12-15 13:35:17.800,,sleep_excellent_sleep,,,UTC-0500,,AxW6kiZDC9,com.sec.android.app.shealth,,Sleep.Goal,2024-12-16 04:59:59.999,a65fb37f-06cb-40ed-831d-f167ba84bba9,
1,2024-12-16 05:00:00.000,,,1,,2024-12-16 11:45:42.971,2024-12-16 11:45:42.971,,sleep_excellent_sleep,,,UTC-0500,,AxW6kiZDC9,com.sec.android.app.shealth,,Sleep.Goal,2024-12-17 04:59:59.999,b4c67963-df83-45c7-bc13-9903d97c674d,
1,2024-12-18 05:00:00.000,,,1,,2024-12-18 11:16:55.216,2024-12-18 11:16:55.216,,sleep_excellent_sleep,,,UTC-0500,,AxW6kiZDC9,com.sec.android.app.shealth,,Sleep.Goal,2024-12-19 04:59:59.999,07b00a07-f438-4285-b8d2-7a6628076bc7,
1,2024-12-24 05:00:00.000,,,1,,2024-12-24 12:33:15.028,2024-12-24 12:33:15.028,,sleep_excellent_sleep,,,UTC-0500,,AxW6kiZDC9,com.sec.android.app.shealth,,Sleep.Goal,2024-12-25 04:59:59.999,e5537db4-2972-4579-9453-3b179221f5d4,
1,2024-12-27 05:00:00.000,,,1,,2024-12-27 12:01:44.006,2024-12-27 12:01:44.006,,sleep_excellent_sleep,,,UTC-0500,,AxW6kiZDC9,com.sec.android.app.shealth,,Sleep.Goal,2024-12-28 04:59:59.999,40020685-44c6-4883-b313-0925044030d8,
1,2024-12-29 05:00:00.000,,,1,,2024-12-29 13:20:57.155,2024-12-29 13:20:57.155,,sleep_excellent_sleep,,,UTC-0500,,AxW6kiZDC9,com.sec.android.app.shealth,,Sleep.Goal,2024-12-30 04:59:59.999,cca2261b-9177-4a81-88a2-a3252d18261c,
1,2024-12-31 05:00:00.000,,,1,,2024-12-31 11:57:03.744,2024-12-31 11:57:03.744,,sleep_excellent_sleep,,,UTC-0500,,AxW6kiZDC9,com.sec.android.app.shealth,,Sleep.Goal,2025-01-01 04:59:59.999,d9e446ac-773b-43f5-8e84-59016d0e1c38,
1,2025-01-01 05:00:00.000,,,1,,2025-01-01 13:48:39.694,2025-01-01 13:48:39.694,,sleep_excellent_sleep,,,UTC-0500,,AxW6kiZDC9,com.sec.android.app.shealth,,Sleep.Goal,2025-01-02 04:59:59.999,a23704fa-c901-4bcf-87e0-7ab4d5707d49,
1,2025-01-02 05:00:00.000,,,1,,2025-01-02 11:29:20.418,2025-01-02 11:29:20.418,,sleep_excellent_sleep,,,UTC-0500,,AxW6kiZDC9,com.sec.android.app.shealth,,Sleep.Goal,2025-01-03 04:59:59.999,e1ebb9d8-cf69-4d1b-8040-ed9877962466,
1,2025-01-04 05:00:00.000,,,1,,2025-01-04 12:03:20.176,2025-01-04 12:03:20.176,,sleep_excellent_sleep,,,UTC-0500,,AxW6kiZDC9,com.sec.android.app.shealth,,Sleep.Goal,2025-01-05 04:59:59.999,2956ef99-0518-4bf1-a119-54a41660065a,
1,2025-01-07 05:00:00.000,,,1,,2025-01-07 12:31:42.656,2025-01-07 12:31:42.656,,sleep_excellent_sleep,,,UTC-0500,,AxW6kiZDC9,com.sec.android.app.shealth,,Sleep.Goal,2025-01-08 04:59:59.999,ed37e01f-2484-471f-b255-33bdac6fc494,
1,2025-01-09 05:00:00.000,,,1,,2025-01-09 17:14:01.622,2025-01-09 17:14:01.622,,sleep_excellent_sleep,,,UTC-0500,,AxW6kiZDC9,com.sec.android.app.shealth,,Sleep.Goal,2025-01-10 04:59:59.999,bcc5584d-6e38-49c7-a749-9d4b59044a0d,
1,2025-01-11 05:00:00.000,,,1,,2025-01-11 14:29:06.553,2025-01-11 14:29:06.553,,sleep_excellent_sleep,,,UTC-0500,,AxW6kiZDC9,com.sec.android.app.shealth,,Sleep.Goal,2025-01-12 04:59:59.999,74e21dce-ed68-4e72-89c2-cf10ccab5181,
1,2025-01-13 05:00:00.000,,,1,,2025-01-13 11:29:05.251,2025-01-13 11:29:05.251,,sleep_excellent_sleep,,,UTC-0500,,AxW6kiZDC9,com.sec.android.app.shealth,,Sleep.Goal,2025-01-14 04:59:59.999,e6462da7-616c-4521-a669-e60ab48a8a0e,
,2025-01-14 00:00:00.000,,,1,,2025-01-15 02:50:09.580,2025-01-15 02:50:09.580,,vitality_first_measure,,,UTC+0000,,AxW6kiZDC9,com.sec.android.app.shealth,,tracker.vitality,2025-01-14 00:00:00.000,acf89acd-2af9-44eb-ae4e-95e54c41090a,
,2025-01-14 00:00:00.000,,,1,,2025-01-15 02:50:09.624,2025-01-15 02:50:09.624,,vitality_good,,,UTC+0000,,AxW6kiZDC9,com.sec.android.app.shealth,,tracker.vitality,2025-01-14 00:00:00.000,08a635ba-da53-4ae8-9f39-a8719bc024c5,
1,2025-01-18 05:00:00.000,,,1,,2025-01-18 13:21:34.233,2025-01-18 13:21:34.233,,sleep_excellent_sleep,,,UTC-0500,,AxW6kiZDC9,com.sec.android.app.shealth,,Sleep.Goal,2025-01-19 04:59:59.999,15b9aab8-c398-4734-a3a6-7480ddd7a971,
1,2026-02-28 11:54:28.897,,,0,,2026-03-09 00:00:01.516,2025-01-18 13:45:54.013,,weight_1_month_streak,,,UTC+0000,,jkrxtcKrsf,com.sec.android.app.shealth,,tracker.weight,2026-02-28 11:54:28.897,e2a7709b-98f6-457c-b198-fd45d1d90caf,
1,2025-01-21 05:00:00.000,,,1,,2025-01-21 09:58:18.363,2025-01-21 09:58:18.363,,sleep_excellent_sleep,,,UTC-0500,,AxW6kiZDC9,com.sec.android.app.shealth,,Sleep.Goal,2025-01-22 04:59:59.999,d5f11499-e084-42ba-afdf-6c32e099cd70,
1,2025-01-22 05:00:00.000,,,1,,2025-01-22 10:44:17.002,2025-01-22 10:44:17.002,,sleep_excellent_sleep,,,UTC-0500,,AxW6kiZDC9,com.sec.android.app.shealth,,Sleep.Goal,2025-01-23 04:59:59.999,bfed52a1-7dbd-481a-9135-9ed381f94003,
1,2025-01-24 05:00:00.000,,,1,,2025-01-24 13:09:02.065,2025-01-24 13:09:02.065,,sleep_excellent_sleep,,,UTC-0500,,AxW6kiZDC9,com.sec.android.app.shealth,,Sleep.Goal,2025-01-25 04:59:59.999,b90c6685-a4f7-4f3e-80d1-b7dab4e2ad3d,
1,2025-02-01 05:00:00.000,,,1,,2025-02-02 12:24:29.406,2025-02-02 12:24:29.406,,sleep_excellent_sleep,,,UTC-0500,,AxW6kiZDC9,com.sec.android.app.shealth,,Sleep.Goal,2025-02-02 04:59:59.999,f4e0d00e-a268-491b-9793-c04a3f6524cc,
,2025-02-05 22:41:46.705,0,,1,,2025-02-06 00:17:22.642,2025-02-06 00:17:22.642,,exercise_goal_first_achieve,,,UTC-0500,,v8fPmWJTef,com.sec.android.app.shealth,f96ca772-f87b-4e08-890d-6c1c4ab674e8,tracker.exercise,2025-02-06 00:17:21.873,49dedeff-2815-4a6c-b30a-9b533baf338a,
1,2025-02-06 05:00:00.000,,,1,,2025-02-06 11:44:37.112,2025-02-06 11:44:37.112,,sleep_excellent_sleep,,,UTC-0500,,AxW6kiZDC9,com.sec.android.app.shealth,,Sleep.Goal,2025-02-07 04:59:59.999,602b8ecc-8c47-4836-8476-3d5ea10d3ae7,
1,2025-02-13 05:00:00.000,,,1,,2025-02-13 10:40:27.392,2025-02-13 10:40:27.392,,sleep_excellent_sleep,,,UTC-0500,,AxW6kiZDC9,com.sec.android.app.shealth,,Sleep.Goal,2025-02-14 04:59:59.999,23fcb9f0-6add-419d-a896-9b5857269d8e,
1,2025-02-16 05:00:00.000,,,1,,2025-02-16 10:37:37.984,2025-02-16 10:37:37.984,,sleep_excellent_sleep,,,UTC-0500,,AxW6kiZDC9,com.sec.android.app.shealth,,Sleep.Goal,2025-02-17 04:59:59.999,2709b188-81c4-4cbb-876f-05b4fb598a7c,
1,2025-02-19 05:00:00.000,,,1,,2025-02-19 10:16:38.245,2025-02-19 10:16:38.245,,sleep_excellent_sleep,,,UTC-0500,,AxW6kiZDC9,com.sec.android.app.shealth,,Sleep.Goal,2025-02-20 04:59:59.999,42ec6594-2f1b-4af3-b6de-1cd801ead687,
0,1970-01-01 00:00:00.000,,,0,,2025-07-29 11:34:34.019,2024-07-19 10:55:25.317,,sleep_3_days_streak,,,UTC-0500,"1753851599999,1",5sl+lZ1Pby,com.sec.android.app.shealth,,Sleep.Goal,2025-07-30 04:59:59.999,3182f8d8-d989-4505-9da2-2d6e8b329ef3,
1,2025-02-28 05:00:00.000,,,1,,2025-02-28 11:02:14.626,2025-02-28 11:02:14.626,,sleep_excellent_sleep,,,UTC-0500,,AxW6kiZDC9,com.sec.android.app.shealth,,Sleep.Goal,2025-03-01 04:59:59.999,702af49d-0115-443a-bfa1-00ba91700b2d,
1,2025-03-13 05:00:00.000,,,1,,2025-03-13 10:04:39.489,2025-03-13 10:04:39.489,,sleep_excellent_sleep,,,UTC-0500,,5sl+lZ1Pby,com.sec.android.app.shealth,,Sleep.Goal,2025-03-14 04:59:59.999,6d3071a5-66d8-4197-b69b-c1fd468c9ec8,
1,2025-03-20 05:00:00.000,,,1,,2025-03-20 10:14:31.268,2025-03-20 10:14:31.268,,sleep_excellent_sleep,,,UTC-0500,,5sl+lZ1Pby,com.sec.android.app.shealth,,Sleep.Goal,2025-03-21 04:59:59.999,7756d785-7311-47b8-94a5-00a34ffb4b29,
1,2025-03-22 05:00:00.000,,,1,,2025-03-22 13:54:33.362,2025-03-22 13:54:33.362,,sleep_excellent_sleep,,,UTC-0500,,5sl+lZ1Pby,com.sec.android.app.shealth,,Sleep.Goal,2025-03-23 04:59:59.999,51e811b0-1806-4b66-a23c-fe1cd52efe04,
,2025-03-22 00:00:00.000,,,1,,2025-03-22 13:54:34.391,2025-03-22 13:54:34.391,,vitality_excellent,,,UTC+0000,,5sl+lZ1Pby,com.sec.android.app.shealth,,tracker.vitality,2025-03-22 00:00:00.000,abe4661e-a9ce-43e0-a1a2-c705a8da315a,
,2025-03-23 23:19:22.908,10007,,1,,2025-03-23 23:57:01.143,2025-03-23 23:57:01.143,,exercise_goal_first_achieve,,,UTC-0500,,jkrxtcKrsf,com.sec.android.app.shealth,520961fb-d914-46fe-bfbf-eb94736fc254,tracker.exercise,2025-03-23 23:57:00.893,0a0dd1a0-e619-43c4-826e-225444dab642,
1,2025-03-24 05:00:00.000,,,1,,2025-03-24 12:00:03.804,2025-03-24 12:00:03.804,,sleep_excellent_sleep,,,UTC-0500,,5sl+lZ1Pby,com.sec.android.app.shealth,,Sleep.Goal,2025-03-25 04:59:59.999,8b9ee862-527f-4fe3-a2fe-11310a4f4a6f,
,2025-03-24 00:00:00.000,,,1,,2025-03-24 12:00:04.423,2025-03-24 12:00:04.423,,vitality_excellent,,,UTC+0000,,5sl+lZ1Pby,com.sec.android.app.shealth,,tracker.vitality,2025-03-24 00:00:00.000,bda30a29-6d15-463b-a2b0-1cd5bc3bea07,
1,2025-03-25 05:00:00.000,,,1,,2025-03-25 10:07:00.031,2025-03-25 10:07:00.031,,sleep_excellent_sleep,,,UTC-0500,,5sl+lZ1Pby,com.sec.android.app.shealth,,Sleep.Goal,2025-03-26 04:59:59.999,8baab126-fb8c-4f06-916d-29dabc811d81,
1,2025-03-27 05:00:00.000,,,1,,2025-03-27 10:05:19.287,2025-03-27 10:05:19.287,,sleep_excellent_sleep,,,UTC-0500,,5sl+lZ1Pby,com.sec.android.app.shealth,,Sleep.Goal,2025-03-28 04:59:59.999,b117aa05-5954-4e11-8706-a900f0e4512c,
1,2025-03-29 05:00:00.000,,,1,,2025-03-29 12:04:37.060,2025-03-29 12:04:37.060,,sleep_excellent_sleep,,,UTC-0500,,5sl+lZ1Pby,com.sec.android.app.shealth,,Sleep.Goal,2025-03-30 04:59:59.999,ce4ee8ab-1794-49e1-bd1d-29283558ecf8,
1,2025-03-30 05:00:00.000,,,1,,2025-03-30 11:53:37.825,2025-03-30 11:53:37.825,,sleep_excellent_sleep,,,UTC-0500,,5sl+lZ1Pby,com.sec.android.app.shealth,,Sleep.Goal,2025-03-31 04:59:59.999,841ca648-2a31-4ffe-892c-03a8cc73264b,
1,2025-03-31 05:00:00.000,,,1,,2025-03-31 10:17:06.686,2025-03-31 10:17:06.686,,sleep_excellent_sleep,,,UTC-0500,,5sl+lZ1Pby,com.sec.android.app.shealth,,Sleep.Goal,2025-04-01 04:59:59.999,f5e20a06-a6a4-4b29-9c3c-a057c6a19c94,
1,2025-04-03 05:00:00.000,,,1,,2025-04-03 10:18:48.415,2025-04-03 10:18:48.415,,sleep_excellent_sleep,,,UTC-0500,,5sl+lZ1Pby,com.sec.android.app.shealth,,Sleep.Goal,2025-04-04 04:59:59.999,16dedf6b-486f-4b42-8219-adc7bb54a717,
1,2025-04-08 05:00:00.000,,,1,,2025-04-08 10:23:37.344,2025-04-08 10:23:37.344,,sleep_excellent_sleep,,,UTC-0500,,5sl+lZ1Pby,com.sec.android.app.shealth,,Sleep.Goal,2025-04-09 04:59:59.999,5078e33b-0e19-43b4-8c23-1cfe3dc84f4f,
1,2025-04-10 05:00:00.000,,,1,,2025-04-10 10:22:04.442,2025-04-10 10:22:04.442,,sleep_excellent_sleep,,,UTC-0500,,5sl+lZ1Pby,com.sec.android.app.shealth,,Sleep.Goal,2025-04-11 04:59:59.999,fa6a1210-762d-492a-b6cc-13892ba4ed39,
,2025-04-15 00:00:00.000,,,1,,2025-04-15 11:27:13.347,2025-04-15 11:27:13.347,,vitality_excellent,,,UTC+0000,,5sl+lZ1Pby,com.sec.android.app.shealth,,tracker.vitality,2025-04-15 00:00:00.000,23aa8665-02c7-4e84-b928-d89ae692d547,
1,2025-04-18 05:00:00.000,,,1,,2025-04-18 12:16:23.928,2025-04-18 12:16:23.928,,sleep_excellent_sleep,,,UTC-0500,,5sl+lZ1Pby,com.sec.android.app.shealth,,Sleep.Goal,2025-04-19 04:59:59.999,d1fb7292-6272-4a64-ba96-28aaef57190b,
,2025-04-18 00:00:00.000,,,1,,2025-04-18 12:16:24.563,2025-04-18 12:16:24.563,,vitality_excellent,,,UTC+0000,,5sl+lZ1Pby,com.sec.android.app.shealth,,tracker.vitality,2025-04-18 00:00:00.000,9833a87a-7923-4643-9649-10007090f912,
1,2025-04-19 05:00:00.000,,,1,,2025-04-19 11:13:36.330,2025-04-19 11:13:36.330,,sleep_excellent_sleep,,,UTC-0500,,5sl+lZ1Pby,com.sec.android.app.shealth,,Sleep.Goal,2025-04-20 04:59:59.999,503e3ba8-7006-40c9-b0bf-42680059e019,
,2025-04-19 00:00:00.000,,,1,,2025-04-19 11:13:37.068,2025-04-19 11:13:37.068,,vitality_excellent,,,UTC+0000,,5sl+lZ1Pby,com.sec.android.app.shealth,,tracker.vitality,2025-04-19 00:00:00.000,db3e4b69-86b9-4ac9-9e0f-f92ab2225fde,
14,2025-04-25 05:00:00.000,,,1,,2025-05-08 20:04:38.781,2025-04-19 23:40:40.787,,step_streak_2_week_streak,,,UTC-0500,,jkrxtcKrsf,com.sec.android.app.shealth,,tracker.pedometer,2025-05-09 04:59:59.999,8762b352-bdbc-4b71-a54f-f66379b45900,
1,2025-04-20 05:00:00.000,,,1,,2025-04-20 13:09:51.968,2025-04-20 13:09:51.968,,sleep_excellent_sleep,,,UTC-0500,,5sl+lZ1Pby,com.sec.android.app.shealth,,Sleep.Goal,2025-04-21 04:59:59.999,533e67d6-fccf-4d1a-bc58-8cd9d6e3ec6a,
1,2025-04-22 05:00:00.000,,,1,,2025-04-22 10:09:36.070,2025-04-22 10:09:36.070,,sleep_excellent_sleep,,,UTC-0500,,5sl+lZ1Pby,com.sec.android.app.shealth,,Sleep.Goal,2025-04-23 04:59:59.999,592b5064-d8b8-4a53-ab88-ecdc643e096f,
1,2025-04-23 05:00:00.000,,,1,,2025-04-23 10:22:33.676,2025-04-23 10:22:33.676,,sleep_excellent_sleep,,,UTC-0500,,5sl+lZ1Pby,com.sec.android.app.shealth,,Sleep.Goal,2025-04-24 04:59:59.999,9ebc57b8-3903-4405-b4f0-017768e1b397,
1,2025-04-24 05:00:00.000,,,1,,2025-04-24 10:10:13.618,2025-04-24 10:10:13.618,,sleep_excellent_sleep,,,UTC-0500,,5sl+lZ1Pby,com.sec.android.app.shealth,,Sleep.Goal,2025-04-25 04:59:59.999,6bdfe3cb-4a59-40fb-88cd-2a0b04a38e7f,
1,2025-04-27 05:00:00.000,,,1,,2025-04-27 11:20:08.551,2025-04-27 11:20:08.551,,sleep_excellent_sleep,,,UTC-0500,,5sl+lZ1Pby,com.sec.android.app.shealth,,Sleep.Goal,2025-04-28 04:59:59.999,d7cb5393-180a-43f1-a5cc-333b15fa4263,
,2025-04-27 00:00:00.000,,,1,,2025-04-27 11:20:09.731,2025-04-27 11:20:09.731,,vitality_excellent,,,UTC+0000,,5sl+lZ1Pby,com.sec.android.app.shealth,,tracker.vitality,2025-04-27 00:00:00.000,839d1509-99a0-429d-b033-04041497fb3f,
1,2025-04-29 05:00:00.000,,,1,,2025-04-29 10:15:49.463,2025-04-29 10:15:49.463,,sleep_excellent_sleep,,,UTC-0500,,5sl+lZ1Pby,com.sec.android.app.shealth,,Sleep.Goal,2025-04-30 04:59:59.999,671b01a5-56ca-49fe-965d-7f3c8ec34c17,
1,2025-05-01 05:00:00.000,,,1,,2025-05-01 11:58:22.750,2025-05-01 11:58:22.750,,sleep_excellent_sleep,,,UTC-0500,,5sl+lZ1Pby,com.sec.android.app.shealth,,Sleep.Goal,2025-05-02 04:59:59.999,1137559a-9dc2-43b5-9607-cdb5bc333aff,
7,2025-03-09 05:00:00.000,,,1,,2025-05-15 07:06:56.751,2025-05-10 01:48:00.445,,step_streak_1_week_streak,,,UTC-0500,,5sl+lZ1Pby,com.sec.android.app.shealth,,tracker.pedometer,2025-03-16 04:59:59.999,ba5f14cd-b84e-490a-8a07-4715dc9fcaa3,
1,2025-05-11 05:00:00.000,,,1,,2025-05-11 12:35:10.992,2025-05-11 12:35:10.992,,sleep_excellent_sleep,,,UTC-0500,,5sl+lZ1Pby,com.sec.android.app.shealth,,Sleep.Goal,2025-05-12 04:59:59.999,9161d385-a2cc-4627-96ff-ed072f3b3ac3,
1,2025-05-15 05:00:00.000,,,1,,2025-05-15 10:07:46.356,2025-05-15 10:07:46.356,,sleep_excellent_sleep,,,UTC-0500,,5sl+lZ1Pby,com.sec.android.app.shealth,,Sleep.Goal,2025-05-16 04:59:59.999,2cb27636-44a9-4510-9264-c057e6e4c9be,
1,2025-05-17 05:00:00.000,,,1,,2025-05-17 12:27:23.673,2025-05-17 12:27:23.673,,sleep_excellent_sleep,,,UTC-0500,,5sl+lZ1Pby,com.sec.android.app.shealth,,Sleep.Goal,2025-05-18 04:59:59.999,9b33a3f2-563f-48ac-8fab-fa65b1a822c8,
1,2025-05-18 05:00:00.000,,,1,,2025-05-18 11:05:48.179,2025-05-18 11:05:48.179,,sleep_excellent_sleep,,,UTC-0500,,5sl+lZ1Pby,com.sec.android.app.shealth,,Sleep.Goal,2025-05-19 04:59:59.999,5506e55d-5677-48d8-b360-8f93dc541e5e,
1,2025-05-21 05:00:00.000,,,1,,2025-05-21 11:33:34.326,2025-05-21 11:33:34.326,,sleep_excellent_sleep,,,UTC-0500,,5sl+lZ1Pby,com.sec.android.app.shealth,,Sleep.Goal,2025-05-22 04:59:59.999,dd91a88f-59b2-4c45-81f6-9ecdcc5f921b,
1,2025-05-22 05:00:00.000,,,1,,2025-05-22 10:06:47.607,2025-05-22 10:06:47.607,,sleep_excellent_sleep,,,UTC-0500,,5sl+lZ1Pby,com.sec.android.app.shealth,,Sleep.Goal,2025-05-23 04:59:59.999,2e001de5-258e-47f6-b527-7264bb04bd28,
1,2025-05-23 05:00:00.000,,,1,,2025-05-23 10:36:24.751,2025-05-23 10:36:24.751,,sleep_excellent_sleep,,,UTC-0500,,5sl+lZ1Pby,com.sec.android.app.shealth,,Sleep.Goal,2025-05-24 04:59:59.999,a3019680-4f9f-4508-9a01-ae5cb26cf042,
1,2025-05-24 05:00:00.000,,,1,,2025-05-24 12:39:23.221,2025-05-24 12:39:23.221,,sleep_excellent_sleep,,,UTC-0500,,5sl+lZ1Pby,com.sec.android.app.shealth,,Sleep.Goal,2025-05-25 04:59:59.999,f69de462-8c10-4e0e-8330-9ee520af54a3,
1,2025-05-25 05:00:00.000,,,1,,2025-05-25 12:43:11.417,2025-05-25 12:43:11.417,,sleep_excellent_sleep,,,UTC-0500,,5sl+lZ1Pby,com.sec.android.app.shealth,,Sleep.Goal,2025-05-26 04:59:59.999,c235f06e-7f42-4e8f-8810-c3abbcad3ba9,
,2025-05-25 00:00:00.000,,,1,,2025-05-25 12:43:13.215,2025-05-25 12:43:13.215,,vitality_excellent,,,UTC+0000,,5sl+lZ1Pby,com.sec.android.app.shealth,,tracker.vitality,2025-05-25 00:00:00.000,8ad2196e-4538-437e-9094-f6b22a1e6e1b,
1,2025-05-26 05:00:00.000,,,1,,2025-05-26 10:07:31.005,2025-05-26 10:07:31.005,,sleep_excellent_sleep,,,UTC-0500,,5sl+lZ1Pby,com.sec.android.app.shealth,,Sleep.Goal,2025-05-27 04:59:59.999,d7b68a22-0ac3-4759-860c-c4bbc63397ba,
,2025-05-26 00:00:00.000,,,1,,2025-05-26 10:07:31.976,2025-05-26 10:07:31.976,,vitality_excellent,,,UTC+0000,,5sl+lZ1Pby,com.sec.android.app.shealth,,tracker.vitality,2025-05-26 00:00:00.000,cdeddc90-f25d-4831-a171-4bb202d8f030,
1,2025-05-29 05:00:00.000,,,1,,2025-05-29 11:36:05.443,2025-05-29 11:36:05.443,,sleep_excellent_sleep,,,UTC-0500,,5sl+lZ1Pby,com.sec.android.app.shealth,,Sleep.Goal,2025-05-30 04:59:59.999,09026bdf-2d7b-4f25-8b16-f982e81ced72,
1,2025-05-30 05:00:00.000,,,1,,2025-05-30 10:08:20.890,2025-05-30 10:08:20.890,,sleep_excellent_sleep,,,UTC-0500,,5sl+lZ1Pby,com.sec.android.app.shealth,,Sleep.Goal,2025-05-31 04:59:59.999,74f8ea21-feb7-43a9-ae30-891942687222,
1,2025-05-31 05:00:00.000,,,1,,2025-05-31 12:11:25.549,2025-05-31 12:11:25.549,,sleep_excellent_sleep,,,UTC-0500,,5sl+lZ1Pby,com.sec.android.app.shealth,,Sleep.Goal,2025-06-01 04:59:59.999,9eb43bb8-a02c-426f-98c8-ad4f031602e9,
,2025-05-31 00:00:00.000,,,1,,2025-05-31 12:11:26.702,2025-05-31 12:11:26.702,,vitality_excellent,,,UTC+0000,,5sl+lZ1Pby,com.sec.android.app.shealth,,tracker.vitality,2025-05-31 00:00:00.000,2d068749-7254-4efe-9c79-7174857b17f8,
1,2025-06-01 05:00:00.000,,,1,,2025-06-01 10:45:37.039,2025-06-01 10:45:37.039,,sleep_excellent_sleep,,,UTC-0500,,5sl+lZ1Pby,com.sec.android.app.shealth,,Sleep.Goal,2025-06-02 04:59:59.999,46fc4fa3-ea87-4519-b165-96162ba77acd,
,2025-06-01 00:00:00.000,,,1,,2025-06-01 10:45:37.856,2025-06-01 10:45:37.856,,vitality_excellent,,,UTC+0000,,5sl+lZ1Pby,com.sec.android.app.shealth,,tracker.vitality,2025-06-01 00:00:00.000,b748e289-ff6d-425e-9634-34037491511e,
1,2025-06-02 05:00:00.000,,,1,,2025-06-02 10:35:36.520,2025-06-02 10:35:36.520,,sleep_excellent_sleep,,,UTC-0500,,5sl+lZ1Pby,com.sec.android.app.shealth,,Sleep.Goal,2025-06-03 04:59:59.999,df316136-7f92-445c-9ed2-e0575406c566,
1,2025-06-04 05:00:00.000,,,1,,2025-06-04 10:31:17.356,2025-06-04 10:31:17.356,,sleep_excellent_sleep,,,UTC-0500,,5sl+lZ1Pby,com.sec.android.app.shealth,,Sleep.Goal,2025-06-05 04:59:59.999,b3d7b9cc-c68c-4dcb-8c78-2bddaa1b12cc,
,2025-06-04 00:00:00.000,,,1,,2025-06-04 10:31:18.818,2025-06-04 10:31:18.818,,vitality_excellent,,,UTC+0000,,5sl+lZ1Pby,com.sec.android.app.shealth,,tracker.vitality,2025-06-04 00:00:00.000,e552c7a1-79de-4831-bfe0-df2c2a25f63e,
1,2025-06-05 05:00:00.000,,,1,,2025-06-05 10:30:43.272,2025-06-05 10:30:43.272,,sleep_excellent_sleep,,,UTC-0500,,5sl+lZ1Pby,com.sec.android.app.shealth,,Sleep.Goal,2025-06-06 04:59:59.999,1000f958-d273-4722-8d4c-752adcc09c2c,
,2025-06-05 00:00:00.000,,,1,,2025-06-05 10:30:44.441,2025-06-05 10:30:44.441,,vitality_excellent,,,UTC+0000,,5sl+lZ1Pby,com.sec.android.app.shealth,,tracker.vitality,2025-06-05 00:00:00.000,b4779b1f-651e-49b1-9a4b-0d28743658e4,
1,2025-06-06 05:00:00.000,,,1,,2025-06-06 12:58:37.635,2025-06-06 12:58:37.635,,sleep_excellent_sleep,,,UTC-0500,,5sl+lZ1Pby,com.sec.android.app.shealth,,Sleep.Goal,2025-06-07 04:59:59.999,e402579f-6d0c-4345-8072-478ce086d2c8,
1,2025-06-07 05:00:00.000,,,1,,2025-06-07 11:31:36.640,2025-06-07 11:31:36.640,,sleep_excellent_sleep,,,UTC-0500,,5sl+lZ1Pby,com.sec.android.app.shealth,,Sleep.Goal,2025-06-08 04:59:59.999,58cef6f5-42f2-44a0-8aec-4572a293167e,
,2025-06-07 00:00:00.000,,,1,,2025-06-07 11:31:37.826,2025-06-07 11:31:37.826,,vitality_excellent,,,UTC+0000,,5sl+lZ1Pby,com.sec.android.app.shealth,,tracker.vitality,2025-06-07 00:00:00.000,9fe450de-defd-47ce-b46e-1d575fb7f06c,
1,2025-06-08 05:00:00.000,,,1,,2025-06-08 13:36:30.888,2025-06-08 13:36:30.888,,sleep_excellent_sleep,,,UTC-0500,,5sl+lZ1Pby,com.sec.android.app.shealth,,Sleep.Goal,2025-06-09 04:59:59.999,4fdb30b7-be56-4483-b5e2-d949c3fb3379,
,2025-06-08 00:00:00.000,,,1,,2025-06-08 13:36:32.085,2025-06-08 13:36:32.085,,vitality_excellent,,,UTC+0000,,5sl+lZ1Pby,com.sec.android.app.shealth,,tracker.vitality,2025-06-08 00:00:00.000,8f2b0a09-1faa-4083-9fa5-1375cf9a9708,
1,2025-06-09 05:00:00.000,,,1,,2025-06-09 11:37:08.261,2025-06-09 11:37:08.261,,sleep_excellent_sleep,,,UTC-0500,,5sl+lZ1Pby,com.sec.android.app.shealth,,Sleep.Goal,2025-06-10 04:59:59.999,22ab7a53-306f-409e-a5a5-15b3a83b8c71,
,2025-06-09 00:00:00.000,,,1,,2025-06-09 11:37:08.980,2025-06-09 11:37:08.980,,vitality_excellent,,,UTC+0000,,5sl+lZ1Pby,com.sec.android.app.shealth,,tracker.vitality,2025-06-09 00:00:00.000,498d0ce1-aa5c-4129-bdbb-722e4ad9b9b1,
1,2025-06-10 05:00:00.000,,,1,,2025-06-10 13:08:56.162,2025-06-10 13:08:56.162,,sleep_excellent_sleep,,,UTC-0500,,5sl+lZ1Pby,com.sec.android.app.shealth,,Sleep.Goal,2025-06-11 04:59:59.999,9bc1e022-b554-4670-8f3b-4fd502936b28,
,2025-06-10 00:00:00.000,,,1,,2025-06-10 13:08:57.363,2025-06-10 13:08:57.363,,vitality_excellent,,,UTC+0000,,5sl+lZ1Pby,com.sec.android.app.shealth,,tracker.vitality,2025-06-10 00:00:00.000,50bad1a0-d70e-4d0b-a9ac-6610b412148c,
4,2025-06-12 06:07:04.705,,,1,,2025-07-02 11:41:56.473,2025-06-12 12:50:31.469,,exercise_one_month_streak,,,UTC+0000,,5sl+lZ1Pby,com.sec.android.app.shealth,6c3063e8-9928-4741-9456-6d2dbfca1944,tracker.exercise,2025-07-02 05:50:46.855,454971e8-0608-40e0-941b-3d87c2da23d3,
1,2025-06-17 05:00:00.000,,,1,,2025-06-17 10:40:25.196,2025-06-17 10:40:25.196,,sleep_excellent_sleep,,,UTC-0500,,5sl+lZ1Pby,com.sec.android.app.shealth,,Sleep.Goal,2025-06-18 04:59:59.999,3071f1f5-ffb6-45ce-a373-8dff243cdc7a,
,2025-06-17 00:00:00.000,,,1,,2025-06-17 10:40:26.410,2025-06-17 10:40:26.410,,vitality_excellent,,,UTC+0000,,5sl+lZ1Pby,com.sec.android.app.shealth,,tracker.vitality,2025-06-17 00:00:00.000,bbe62065-2465-417d-b6e3-46d76d1521e2,
1,2025-06-22 05:00:00.000,,,1,,2025-06-22 11:52:39.061,2025-06-22 11:52:39.061,,sleep_excellent_sleep,,,UTC-0500,,5sl+lZ1Pby,com.sec.android.app.shealth,,Sleep.Goal,2025-06-23 04:59:59.999,48f3db2d-7648-4c72-8327-09c97b2c712d,
1,2025-06-24 05:00:00.000,,,1,,2025-06-24 11:18:33.273,2025-06-24 11:18:33.273,,sleep_excellent_sleep,,,UTC-0500,,5sl+lZ1Pby,com.sec.android.app.shealth,,Sleep.Goal,2025-06-25 04:59:59.999,c46b3e8e-5598-4ad9-9052-78f838de7548,
1,2025-06-25 05:00:00.000,,,1,,2025-06-25 11:01:40.951,2025-06-25 11:01:40.951,,sleep_excellent_sleep,,,UTC-0500,,5sl+lZ1Pby,com.sec.android.app.shealth,,Sleep.Goal,2025-06-26 04:59:59.999,6bef39d5-dc85-48dd-ac3e-cf9c39dbbb95,
1,2025-06-30 05:00:00.000,,,1,,2025-06-30 11:42:16.328,2025-06-30 11:42:16.328,,sleep_excellent_sleep,,,UTC-0500,,5sl+lZ1Pby,com.sec.android.app.shealth,,Sleep.Goal,2025-07-01 04:59:59.999,fce16759-81bc-49d8-9fb5-f66056015484,
,2025-07-02 00:00:00.000,,,1,,2025-07-02 10:36:32.488,2025-07-02 10:36:32.488,,vitality_excellent,,,UTC+0000,,5sl+lZ1Pby,com.sec.android.app.shealth,,tracker.vitality,2025-07-02 00:00:00.000,ff9c75e5-3abe-4f24-be5f-b0593b62baa3,
0,1970-01-01 00:00:00.000,,,2,,2026-03-21 00:44:40.947,2025-07-02 11:41:56.482,,exercise_three_month_streak,,,UTC+0000,,5sl+lZ1Pby,com.sec.android.app.shealth,4f86f4d8-c402-4b3d-b661-5835a5ee4fc9,tracker.exercise,1970-01-01 00:00:00.000,eec5496d-2133-41b0-9184-75c577922b2f,
1,2025-07-06 05:00:00.000,,,1,,2025-07-06 13:02:27.729,2025-07-06 13:02:27.729,,sleep_excellent_sleep,,,UTC-0500,,5sl+lZ1Pby,com.sec.android.app.shealth,,Sleep.Goal,2025-07-07 04:59:59.999,686fdacc-b33b-40ac-a5d7-33786dc53acb,
,2025-07-06 00:00:00.000,,,1,,2025-07-06 13:02:28.944,2025-07-06 13:02:28.944,,vitality_excellent,,,UTC+0000,,5sl+lZ1Pby,com.sec.android.app.shealth,,tracker.vitality,2025-07-06 00:00:00.000,32b522f2-82cd-4a78-a22a-1b1136594c18,
1,2025-07-07 05:00:00.000,,,1,,2025-07-07 10:53:54.059,2025-07-07 10:53:54.059,,sleep_excellent_sleep,,,UTC-0500,,5sl+lZ1Pby,com.sec.android.app.shealth,,Sleep.Goal,2025-07-08 04:59:59.999,9e30fdaa-a88d-4eb6-bdf7-405a542bf118,
1,2025-07-09 05:00:00.000,,,1,,2025-07-09 10:28:43.882,2025-07-09 10:28:43.882,,sleep_excellent_sleep,,,UTC-0500,,5sl+lZ1Pby,com.sec.android.app.shealth,,Sleep.Goal,2025-07-10 04:59:59.999,b4b32f6c-a217-4702-8a6b-16d2a29041ff,
1,2025-07-26 05:00:00.000,,,1,,2025-07-26 11:53:38.177,2025-07-26 11:53:38.177,,sleep_excellent_sleep,,,UTC-0500,,5sl+lZ1Pby,com.sec.android.app.shealth,,Sleep.Goal,2025-07-27 04:59:59.999,e592be16-c55e-4a34-9d86-ad31c760762b,
1,2025-07-28 05:00:00.000,,,1,,2025-07-28 10:51:50.340,2025-07-28 10:51:50.340,,sleep_excellent_sleep,,,UTC-0500,,5sl+lZ1Pby,com.sec.android.app.shealth,,Sleep.Goal,2025-07-29 04:59:59.999,da4f27bb-a74c-4320-ad96-056f9f766182,
1,2025-07-29 05:00:00.000,,,1,,2025-07-29 11:34:34.004,2025-07-29 11:34:34.004,,sleep_excellent_sleep,,,UTC-0500,,5sl+lZ1Pby,com.sec.android.app.shealth,,Sleep.Goal,2025-07-30 04:59:59.999,7dc26c73-f2e6-4342-afcc-e1e40ef5b7d4,
,2025-07-29 00:00:00.000,,,1,,2025-07-29 11:34:34.847,2025-07-29 11:34:34.847,,vitality_excellent,,,UTC+0000,,5sl+lZ1Pby,com.sec.android.app.shealth,,tracker.vitality,2025-07-29 00:00:00.000,e444d29c-18dc-4f48-b8de-65ec4834f6a5,
1,2025-08-01 05:00:00.000,,,1,,2025-08-01 11:11:45.105,2025-08-01 11:11:45.105,,sleep_excellent_sleep,,,UTC-0500,,5sl+lZ1Pby,com.sec.android.app.shealth,,Sleep.Goal,2025-08-02 04:59:59.999,6cd0422e-1412-43d5-af05-4c02647af4b4,
1,2025-08-07 05:00:00.000,,,1,,2025-08-07 11:57:14.927,2025-08-07 11:57:14.927,,sleep_excellent_sleep,,,UTC-0500,,5sl+lZ1Pby,com.sec.android.app.shealth,,Sleep.Goal,2025-08-08 04:59:59.999,54342b35-3123-4a98-8a8b-67df427e02fc,
,2025-08-09 00:00:00.000,,,1,,2025-08-09 11:37:14.396,2025-08-09 11:37:14.396,,vitality_excellent,,,UTC+0000,,5sl+lZ1Pby,com.sec.android.app.shealth,,tracker.vitality,2025-08-09 00:00:00.000,6387b186-abd0-475f-8451-7ab7f16c7151,
1,2025-08-10 05:00:00.000,,,1,,2025-08-10 11:37:01.579,2025-08-10 11:37:01.579,,sleep_excellent_sleep,,,UTC-0500,,5sl+lZ1Pby,com.sec.android.app.shealth,,Sleep.Goal,2025-08-11 04:59:59.999,7bf0478d-6aa9-4b51-80be-c38cb3543a0c,
,2025-08-10 11:51:20.656,1002,,1,,2025-08-10 13:15:09.993,2025-08-10 12:19:20.387,,running_5K,,1,UTC-0500,,jkrxtcKrsf,com.sec.android.app.shealth,c4e7ac4a-115e-4abc-8cc7-79b3a76713d5,tracker.exercise,2025-08-10 12:19:20.113,2042ef90-23e0-454e-b101-b152b7b4083b,
1,2025-08-13 05:00:00.000,,,1,,2025-08-13 11:01:48.334,2025-08-13 11:01:48.334,,sleep_excellent_sleep,,,UTC-0500,,5sl+lZ1Pby,com.sec.android.app.shealth,,Sleep.Goal,2025-08-14 04:59:59.999,d9c277a6-5a71-447e-a171-7a3613e2006a,
,2025-08-13 00:00:00.000,,,1,,2025-08-13 11:01:49.143,2025-08-13 11:01:49.143,,vitality_excellent,,,UTC+0000,,5sl+lZ1Pby,com.sec.android.app.shealth,,tracker.vitality,2025-08-13 00:00:00.000,0d0b5736-2551-4206-8c98-5dbc79a538d1,
1,2025-08-17 05:00:00.000,,,1,,2025-08-17 11:25:48.942,2025-08-17 11:25:48.942,,sleep_excellent_sleep,,,UTC-0500,,5sl+lZ1Pby,com.sec.android.app.shealth,,Sleep.Goal,2025-08-18 04:59:59.999,cf84c76e-db76-4239-9af3-0498551ce9dc,
1,2025-08-18 05:00:00.000,,,1,,2025-08-18 13:30:11.500,2025-08-18 13:30:11.500,,sleep_excellent_sleep,,,UTC-0500,,5sl+lZ1Pby,com.sec.android.app.shealth,,Sleep.Goal,2025-08-19 04:59:59.999,d161834d-d7cf-4ba9-a377-5376a4faadcb,
,2025-08-18 00:00:00.000,,,1,,2025-08-18 13:30:12.827,2025-08-18 13:30:12.827,,vitality_excellent,,,UTC+0000,,5sl+lZ1Pby,com.sec.android.app.shealth,,tracker.vitality,2025-08-18 00:00:00.000,cd3891ed-f762-4e32-a33d-a65e9bc6f93c,
1,2025-08-19 05:00:00.000,,,1,,2025-08-19 11:55:07.772,2025-08-19 11:55:07.772,,sleep_excellent_sleep,,,UTC-0500,,5sl+lZ1Pby,com.sec.android.app.shealth,,Sleep.Goal,2025-08-20 04:59:59.999,1588d55c-f134-4b1e-983d-f71c322dc421,
1,2025-08-23 05:00:00.000,,,1,,2025-08-23 11:24:54.722,2025-08-23 11:24:54.722,,sleep_excellent_sleep,,,UTC-0500,,5sl+lZ1Pby,com.sec.android.app.shealth,,Sleep.Goal,2025-08-24 04:59:59.999,65220aa7-fe29-4050-83dd-49b0f58d4acd,
1,2025-08-24 05:00:00.000,,,1,,2025-08-24 13:20:34.674,2025-08-24 13:20:34.674,,sleep_excellent_sleep,,,UTC-0500,,5sl+lZ1Pby,com.sec.android.app.shealth,,Sleep.Goal,2025-08-25 04:59:59.999,7e9e6761-3f8e-4019-8742-c94252df0917,
1,2025-08-25 05:00:00.000,,,1,,2025-08-25 11:01:33.437,2025-08-25 11:01:33.437,,sleep_excellent_sleep,,,UTC-0500,,5sl+lZ1Pby,com.sec.android.app.shealth,,Sleep.Goal,2025-08-26 04:59:59.999,b45909c9-8e3b-4bb2-bfac-f9c2bb87cd06,
,2025-08-25 00:00:00.000,,,1,,2025-08-25 11:01:34.911,2025-08-25 11:01:34.911,,vitality_excellent,,,UTC+0000,,5sl+lZ1Pby,com.sec.android.app.shealth,,tracker.vitality,2025-08-25 00:00:00.000,e936fa83-181a-43dc-8ac2-1a88185c2720,
,2025-08-28 00:00:00.000,,,1,,2025-08-28 10:58:44.715,2025-08-28 10:58:44.715,,vitality_excellent,,,UTC+0000,,5sl+lZ1Pby,com.sec.android.app.shealth,,tracker.vitality,2025-08-28 00:00:00.000,3759c991-52c1-4a4e-ab85-149ed32c2783,
1,2025-08-29 05:00:00.000,,,1,,2025-08-29 10:59:06.162,2025-08-29 10:59:06.162,,sleep_excellent_sleep,,,UTC-0500,,5sl+lZ1Pby,com.sec.android.app.shealth,,Sleep.Goal,2025-08-30 04:59:59.999,100295f9-aa2e-4669-bc96-39a37e6e7b6f,
1,2025-08-31 05:00:00.000,,,1,,2025-08-31 12:07:52.062,2025-08-31 12:07:52.062,,sleep_excellent_sleep,,,UTC-0500,,5sl+lZ1Pby,com.sec.android.app.shealth,,Sleep.Goal,2025-09-01 04:59:59.999,8dc05d57-1454-4774-8f0d-84d02a902b4d,
,2025-08-31 00:00:00.000,,,1,,2025-08-31 12:07:53.271,2025-08-31 12:07:53.271,,vitality_excellent,,,UTC+0000,,5sl+lZ1Pby,com.sec.android.app.shealth,,tracker.vitality,2025-08-31 00:00:00.000,d8610dcd-7455-4c91-9898-248126f0678d,
1,2025-09-02 05:00:00.000,,,1,,2025-09-02 12:47:49.814,2025-09-02 12:47:49.814,,sleep_excellent_sleep,,,UTC-0500,,5sl+lZ1Pby,com.sec.android.app.shealth,,Sleep.Goal,2025-09-03 04:59:59.999,2cb6bc52-8e54-452e-81b5-8c71a2a86981,
,2025-09-02 00:00:00.000,,,1,,2025-09-02 12:47:51.125,2025-09-02 12:47:51.125,,vitality_excellent,,,UTC+0000,,5sl+lZ1Pby,com.sec.android.app.shealth,,tracker.vitality,2025-09-02 00:00:00.000,0f078e37-b07f-4a32-9f6f-68b2bb70d637,
1,2025-09-09 05:00:00.000,,,1,,2025-09-09 12:05:42.126,2025-09-09 12:05:42.126,,sleep_excellent_sleep,,,UTC-0500,,5sl+lZ1Pby,com.sec.android.app.shealth,,Sleep.Goal,2025-09-10 04:59:59.999,e5d8d22f-42d9-430e-99b4-68cd0f819f52,
1,2025-09-10 05:00:00.000,,,1,,2025-09-10 11:58:11.881,2025-09-10 11:58:11.881,,sleep_excellent_sleep,,,UTC-0500,,5sl+lZ1Pby,com.sec.android.app.shealth,,Sleep.Goal,2025-09-11 04:59:59.999,ce15409e-92ae-4b9a-86ac-0d9252299af4,
1,2025-09-21 05:00:00.000,,,1,,2025-09-21 10:40:59.182,2025-09-21 10:40:59.182,,sleep_excellent_sleep,,,UTC-0500,,5sl+lZ1Pby,com.sec.android.app.shealth,,Sleep.Goal,2025-09-22 04:59:59.999,4106eeb0-3392-403e-9859-6e9eee9cca09,
1,2025-09-25 23:00:00.000,,,1,,2025-09-26 12:36:43.216,2025-09-26 12:36:43.216,,sleep_excellent_sleep,,,UTC+0100,,5sl+lZ1Pby,com.sec.android.app.shealth,,Sleep.Goal,2025-09-26 22:59:59.999,83c2669b-be26-4b15-a502-dd34cf70ad9b,
56195,2025-10-12 14:18:50.908,1002,,2,,2025-10-12 14:18:56.911,2025-09-28 05:09:37.258,,running_100K_accumulated,,,UTC+0100,,5sl+lZ1Pby,com.sec.android.app.shealth,3fe53586-9ce5-494a-b27d-9452418515a4,tracker.exercise,2025-10-12 14:18:56.908,58735ac0-e581-40e9-a3a1-9985a9b7c1cf,
1,2025-09-28 23:00:00.000,,,1,,2025-09-29 06:39:00.052,2025-09-29 06:39:00.052,,sleep_excellent_sleep,,,UTC+0100,,5sl+lZ1Pby,com.sec.android.app.shealth,,Sleep.Goal,2025-09-29 22:59:59.999,7b9cf8e9-0417-4446-a36b-b8e981dfff82,
1,2025-09-29 23:00:00.000,,,1,,2025-09-30 06:20:55.305,2025-09-30 06:20:55.305,,sleep_excellent_sleep,,,UTC+0100,,5sl+lZ1Pby,com.sec.android.app.shealth,,Sleep.Goal,2025-09-30 22:59:59.999,deb257a9-59c2-4e44-b192-12cc0d2e3373,
1,2025-09-30 23:00:00.000,,,1,,2025-10-01 13:31:11.822,2025-10-01 13:31:11.822,,sleep_excellent_sleep,,,UTC+0100,,5sl+lZ1Pby,com.sec.android.app.shealth,,Sleep.Goal,2025-10-01 22:59:59.999,e8b164b4-c41e-4342-b07e-eca0e527a593,
,2025-10-01 00:00:00.000,,,1,,2025-10-01 13:31:12.853,2025-10-01 13:31:12.853,,vitality_excellent,,,UTC+0000,,5sl+lZ1Pby,com.sec.android.app.shealth,,tracker.vitality,2025-10-01 00:00:00.000,addcd825-a71a-4244-8d16-721fe5e3f111,
1,2025-10-02 23:00:00.000,,,1,,2025-10-03 08:04:11.259,2025-10-03 08:04:11.259,,sleep_excellent_sleep,,,UTC+0100,,5sl+lZ1Pby,com.sec.android.app.shealth,,Sleep.Goal,2025-10-03 22:59:59.999,e92b47e4-2791-44ec-a6f7-2c9a5b76edaa,
,2025-10-03 00:00:00.000,,,1,,2025-10-03 08:04:12.249,2025-10-03 08:04:12.249,,vitality_excellent,,,UTC+0000,,5sl+lZ1Pby,com.sec.android.app.shealth,,tracker.vitality,2025-10-03 00:00:00.000,8aa23c4a-a55e-4050-a8aa-f3c88175114c,
,2025-10-04 00:00:00.000,,,1,,2025-10-04 07:03:51.429,2025-10-04 07:03:51.429,,vitality_excellent,,,UTC+0000,,5sl+lZ1Pby,com.sec.android.app.shealth,,tracker.vitality,2025-10-04 00:00:00.000,869fe86e-05b3-4d5c-8923-97ecb3642fad,
1,2025-10-06 23:00:00.000,,,1,,2025-10-07 05:18:04.491,2025-10-07 05:18:04.491,,sleep_excellent_sleep,,,UTC+0100,,5sl+lZ1Pby,com.sec.android.app.shealth,,Sleep.Goal,2025-10-07 22:59:59.999,e7991151-6661-4338-8693-43ce564afb21,
,2025-10-07 00:00:00.000,,,1,,2025-10-07 05:18:05.593,2025-10-07 05:18:05.593,,vitality_excellent,,,UTC+0000,,5sl+lZ1Pby,com.sec.android.app.shealth,,tracker.vitality,2025-10-07 00:00:00.000,6dfe5bdb-879e-4223-8356-5e9b0be50b9f,
1,2025-10-07 23:00:00.000,,,1,,2025-10-08 05:01:46.444,2025-10-08 05:01:46.444,,sleep_excellent_sleep,,,UTC+0100,,5sl+lZ1Pby,com.sec.android.app.shealth,,Sleep.Goal,2025-10-08 22:59:59.999,576848e7-3c81-42ed-bc16-80048b338393,
,2025-10-08 00:00:00.000,,,1,,2025-10-08 05:01:47.719,2025-10-08 05:01:47.719,,vitality_excellent,,,UTC+0000,,5sl+lZ1Pby,com.sec.android.app.shealth,,tracker.vitality,2025-10-08 00:00:00.000,9882b9c2-171a-47f9-af42-010ce5fd0a08,
1,2025-10-08 23:00:00.000,,,1,,2025-10-09 08:01:28.314,2025-10-09 08:01:28.314,,sleep_excellent_sleep,,,UTC+0100,,5sl+lZ1Pby,com.sec.android.app.shealth,,Sleep.Goal,2025-10-09 22:59:59.999,c8a9a241-60d7-4af7-8525-8fe3041a1b03,
1,2025-10-11 23:00:00.000,,,1,,2025-10-12 07:06:39.000,2025-10-12 07:06:39.000,,sleep_excellent_sleep,,,UTC+0100,,5sl+lZ1Pby,com.sec.android.app.shealth,,Sleep.Goal,2025-10-12 22:59:59.999,8fadd1fd-c287-4821-8a51-3d088ade742e,
,2025-10-12 00:00:00.000,,,1,,2025-10-12 07:06:39.697,2025-10-12 07:06:39.697,,vitality_excellent,,,UTC+0000,,5sl+lZ1Pby,com.sec.android.app.shealth,,tracker.vitality,2025-10-12 00:00:00.000,e9f81c3d-6380-4282-95bf-4bfaf67dc429,
1,2025-10-12 23:00:00.000,,,1,,2025-10-13 05:24:41.790,2025-10-13 05:24:41.790,,sleep_excellent_sleep,,,UTC+0100,,5sl+lZ1Pby,com.sec.android.app.shealth,,Sleep.Goal,2025-10-13 22:59:59.999,ad5606d3-37fe-4324-8d83-7f2043dd56a3,
,2025-10-13 00:00:00.000,,,1,,2025-10-13 05:24:42.858,2025-10-13 05:24:42.858,,vitality_excellent,,,UTC+0000,,5sl+lZ1Pby,com.sec.android.app.shealth,,tracker.vitality,2025-10-13 00:00:00.000,33ee219e-cd89-48a5-a5f5-8cc4e127d784,
1,2025-10-13 23:00:00.000,,,1,,2025-10-14 05:22:07.853,2025-10-14 05:22:07.853,,sleep_excellent_sleep,,,UTC+0100,,5sl+lZ1Pby,com.sec.android.app.shealth,,Sleep.Goal,2025-10-14 22:59:59.999,4006a8fa-4e9e-49fa-bcd1-581dfc68a8a9,
,2025-10-14 00:00:00.000,,,1,,2025-10-14 11:24:19.934,2025-10-14 11:24:19.934,,vitality_excellent,,,UTC+0000,,5sl+lZ1Pby,com.sec.android.app.shealth,,tracker.vitality,2025-10-14 00:00:00.000,7eefdb3a-ac42-4719-a896-bfaa17bc8662,
1,2025-10-14 23:00:00.000,,,1,,2025-10-15 05:32:56.808,2025-10-15 05:32:56.808,,sleep_excellent_sleep,,,UTC+0100,,5sl+lZ1Pby,com.sec.android.app.shealth,,Sleep.Goal,2025-10-15 22:59:59.999,7195131b-2d30-4f5b-b8de-2d7acdd1663b,
1,2025-10-15 23:00:00.000,,,1,,2025-10-16 05:07:11.958,2025-10-16 05:07:11.958,,sleep_excellent_sleep,,,UTC+0100,,5sl+lZ1Pby,com.sec.android.app.shealth,,Sleep.Goal,2025-10-16 22:59:59.999,c357e98f-37e0-4df0-8b72-b9a8a7afc0b3,
1,2025-10-16 23:00:00.000,,,1,,2025-10-17 06:07:16.045,2025-10-17 06:07:16.045,,sleep_excellent_sleep,,,UTC+0100,,5sl+lZ1Pby,com.sec.android.app.shealth,,Sleep.Goal,2025-10-17 22:59:59.999,5f494db3-0884-45a2-854d-71b463eceea6,
,2025-10-17 00:00:00.000,,,1,,2025-10-17 06:07:17.074,2025-10-17 06:07:17.074,,vitality_excellent,,,UTC+0000,,5sl+lZ1Pby,com.sec.android.app.shealth,,tracker.vitality,2025-10-17 00:00:00.000,b126eb4d-bb7c-4ca5-bc2e-5a339cb9031b,
1,2025-10-17 23:00:00.000,,,1,,2025-10-18 08:11:50.216,2025-10-18 08:11:50.216,,sleep_excellent_sleep,,,UTC+0100,,5sl+lZ1Pby,com.sec.android.app.shealth,,Sleep.Goal,2025-10-18 22:59:59.999,f4079215-8b27-48ff-ad87-556c7944ee23,
1,2025-10-18 23:00:00.000,,,1,,2025-10-19 07:47:58.796,2025-10-19 07:47:58.796,,sleep_excellent_sleep,,,UTC+0100,,5sl+lZ1Pby,com.sec.android.app.shealth,,Sleep.Goal,2025-10-19 22:59:59.999,beac5096-0bf7-4afe-84ab-46e5ef46a37a,
,2025-10-19 00:00:00.000,,,1,,2025-10-19 07:48:00.180,2025-10-19 07:48:00.180,,vitality_excellent,,,UTC+0000,,5sl+lZ1Pby,com.sec.android.app.shealth,,tracker.vitality,2025-10-19 00:00:00.000,2ee04db5-5f79-4534-8087-ba87643f021f,
1,2025-10-21 23:00:00.000,,,1,,2025-10-22 05:23:35.015,2025-10-22 05:23:35.015,,sleep_excellent_sleep,,,UTC+0100,,5sl+lZ1Pby,com.sec.android.app.shealth,,Sleep.Goal,2025-10-22 22:59:59.999,987d6de0-3d81-450e-a7b0-6ec4b453c176,
1,2025-10-22 23:00:00.000,,,1,,2025-10-23 06:42:15.577,2025-10-23 06:42:15.577,,sleep_excellent_sleep,,,UTC+0100,,5sl+lZ1Pby,com.sec.android.app.shealth,,Sleep.Goal,2025-10-23 22:59:59.999,0d264717-89c3-4d44-b425-4dd65691e290,
1,2025-10-25 23:00:00.000,,,1,,2025-10-26 09:04:21.000,2025-10-26 09:04:21.000,,sleep_excellent_sleep,,,UTC+0000,,5sl+lZ1Pby,com.sec.android.app.shealth,,Sleep.Goal,2025-10-26 23:59:59.999,99b90c04-5645-4609-9795-9d1053d95143,
,2025-10-28 00:00:00.000,,,1,,2025-10-28 06:17:11.257,2025-10-28 06:17:11.257,,vitality_excellent,,,UTC+0000,,5sl+lZ1Pby,com.sec.android.app.shealth,,tracker.vitality,2025-10-28 00:00:00.000,278e0251-c9c2-414a-bec8-86332a6ad624,
,2025-10-29 00:00:00.000,,,1,,2025-10-29 06:21:40.621,2025-10-29 06:21:40.621,,vitality_excellent,,,UTC+0000,,5sl+lZ1Pby,com.sec.android.app.shealth,,tracker.vitality,2025-10-29 00:00:00.000,f8b2100e-df2d-4de9-af2b-14f81b883db7,
1,2025-10-30 00:00:00.000,,,1,,2025-10-30 08:53:16.128,2025-10-30 08:53:16.128,,sleep_excellent_sleep,,,UTC+0000,,5sl+lZ1Pby,com.sec.android.app.shealth,,Sleep.Goal,2025-10-30 23:59:59.999,1c1a6a70-7765-48ba-944e-9d720c3791e0,
1,2025-10-31 00:00:00.000,,,1,,2025-10-31 06:37:02.218,2025-10-31 06:37:02.218,,sleep_excellent_sleep,,,UTC+0000,,5sl+lZ1Pby,com.sec.android.app.shealth,,Sleep.Goal,2025-10-31 23:59:59.999,fec6df0c-aca8-4f15-9526-46e20d87692d,
1,2025-11-02 00:00:00.000,,,1,,2025-11-02 09:15:52.059,2025-11-02 09:15:52.059,,sleep_excellent_sleep,,,UTC+0000,,5sl+lZ1Pby,com.sec.android.app.shealth,,Sleep.Goal,2025-11-02 23:59:59.999,17db3a29-a8c3-490c-b155-0adda5b7df0c,
1,2025-11-03 00:00:00.000,,,1,,2025-11-03 09:31:57.970,2025-11-03 09:31:57.970,,sleep_excellent_sleep,,,UTC+0000,,5sl+lZ1Pby,com.sec.android.app.shealth,,Sleep.Goal,2025-11-03 23:59:59.999,c08362d2-2340-4ecf-892b-6453f94a07bc,
,2025-11-03 00:00:00.000,,,1,,2025-11-03 09:31:59.311,2025-11-03 09:31:59.311,,vitality_excellent,,,UTC+0000,,5sl+lZ1Pby,com.sec.android.app.shealth,,tracker.vitality,2025-11-03 00:00:00.000,133604df-3eeb-46f7-abb3-d1880d255cd0,
1,2025-11-05 00:00:00.000,,,1,,2025-11-05 05:48:13.024,2025-11-05 05:48:13.024,,sleep_excellent_sleep,,,UTC+0000,,5sl+lZ1Pby,com.sec.android.app.shealth,,Sleep.Goal,2025-11-05 23:59:59.999,09a37f3e-d0c7-4ca0-995e-c899ee349e16,
1,2025-11-06 00:00:00.000,,,1,,2025-11-06 06:59:29.204,2025-11-06 06:59:29.204,,sleep_excellent_sleep,,,UTC+0000,,5sl+lZ1Pby,com.sec.android.app.shealth,,Sleep.Goal,2025-11-06 23:59:59.999,fb0e5489-2be2-4322-9f7c-c9545922d68f,
1,2025-11-12 00:00:00.000,,,1,,2025-11-12 07:03:22.965,2025-11-12 07:03:22.965,,sleep_excellent_sleep,,,UTC+0000,,5sl+lZ1Pby,com.sec.android.app.shealth,,Sleep.Goal,2025-11-12 23:59:59.999,395575cf-509f-4685-8577-5d3b2aecac5a,
,2025-11-12 00:00:00.000,,,1,,2025-11-12 07:03:24.766,2025-11-12 07:03:24.766,,vitality_excellent,,,UTC+0000,,5sl+lZ1Pby,com.sec.android.app.shealth,,tracker.vitality,2025-11-12 00:00:00.000,ba3678db-475c-492e-a61f-a3215c9cda75,
1,2025-11-13 00:00:00.000,,,1,,2025-11-13 06:00:34.784,2025-11-13 06:00:34.784,,sleep_excellent_sleep,,,UTC+0000,,5sl+lZ1Pby,com.sec.android.app.shealth,,Sleep.Goal,2025-11-13 23:59:59.999,38b75bba-8d8d-4c64-8bdb-97af8b62ecbb,
1,2025-11-18 00:00:00.000,,,1,,2025-11-18 07:20:09.320,2025-11-18 07:20:09.320,,sleep_excellent_sleep,,,UTC+0000,,5sl+lZ1Pby,com.sec.android.app.shealth,,Sleep.Goal,2025-11-18 23:59:59.999,500febe2-a1ba-4a47-9b07-060a682b5c28,
,2025-11-18 00:00:00.000,,,1,,2025-11-18 07:20:11.064,2025-11-18 07:20:11.064,,vitality_excellent,,,UTC+0000,,5sl+lZ1Pby,com.sec.android.app.shealth,,tracker.vitality,2025-11-18 00:00:00.000,4116bf8c-c181-4174-a0cd-d3b8fff1f578,
1,2025-11-19 00:00:00.000,,,1,,2025-11-19 07:43:29.555,2025-11-19 07:43:29.555,,sleep_excellent_sleep,,,UTC+0000,,5sl+lZ1Pby,com.sec.android.app.shealth,,Sleep.Goal,2025-11-19 23:59:59.999,c67ca479-0f04-48c3-a250-0c5286aa11d4,
,2025-11-19 00:00:00.000,,,1,,2025-11-19 07:43:30.163,2025-11-19 07:43:30.163,,vitality_excellent,,,UTC+0000,,5sl+lZ1Pby,com.sec.android.app.shealth,,tracker.vitality,2025-11-19 00:00:00.000,19c35d9e-bb6d-4631-9626-b283102e46d1,
,2025-11-22 00:00:00.000,,,1,,2025-11-22 06:50:15.228,2025-11-22 06:50:15.228,,vitality_excellent,,,UTC+0000,,5sl+lZ1Pby,com.sec.android.app.shealth,,tracker.vitality,2025-11-22 00:00:00.000,0ffc68ba-df8b-4190-b617-70964e74d9f5,
1,2025-11-26 00:00:00.000,,,1,,2025-11-26 06:40:31.447,2025-11-26 06:40:31.447,,sleep_excellent_sleep,,,UTC+0000,,5sl+lZ1Pby,com.sec.android.app.shealth,,Sleep.Goal,2025-11-26 23:59:59.999,1987640e-599e-4e4a-9e2c-740b80e4b537,
1,2025-11-28 00:00:00.000,,,1,,2025-11-28 06:40:23.069,2025-11-28 06:40:23.069,,sleep_excellent_sleep,,,UTC+0000,,5sl+lZ1Pby,com.sec.android.app.shealth,,Sleep.Goal,2025-11-28 23:59:59.999,070dc85e-2227-4c28-9928-8ce3d123ebfa,
,2025-11-28 00:00:00.000,,,1,,2025-11-28 07:40:15.937,2025-11-28 07:40:15.937,,vitality_excellent,,,UTC+0000,,5sl+lZ1Pby,com.sec.android.app.shealth,,tracker.vitality,2025-11-28 00:00:00.000,e500a32e-7cdd-49ad-8084-7966ca8a0340,
,2025-12-01 00:00:00.000,,,1,,2025-12-01 07:00:31.511,2025-12-01 07:00:31.511,,vitality_excellent,,,UTC+0000,,5sl+lZ1Pby,com.sec.android.app.shealth,,tracker.vitality,2025-12-01 00:00:00.000,32d1fc8b-0beb-4353-bd9d-49166a8b822b,
,2025-12-02 00:00:00.000,,,1,,2025-12-02 07:13:02.582,2025-12-02 07:13:02.582,,vitality_excellent,,,UTC+0000,,5sl+lZ1Pby,com.sec.android.app.shealth,,tracker.vitality,2025-12-02 00:00:00.000,90d53872-c8f2-4fa4-9f41-e00677be0095,
1,2025-12-03 00:00:00.000,,,1,,2025-12-03 08:04:31.286,2025-12-03 08:04:31.286,,sleep_excellent_sleep,,,UTC+0000,,5sl+lZ1Pby,com.sec.android.app.shealth,,Sleep.Goal,2025-12-03 23:59:59.999,26bc3e81-4ae9-4f25-90e9-dc647cf16e68,
,2025-12-03 00:00:00.000,,,1,,2025-12-03 08:04:32.910,2025-12-03 08:04:32.910,,vitality_excellent,,,UTC+0000,,5sl+lZ1Pby,com.sec.android.app.shealth,,tracker.vitality,2025-12-03 00:00:00.000,3bbf6c6d-e70f-4036-8163-a109204b4153,
1,2025-12-04 00:00:00.000,,,1,,2025-12-04 09:53:00.260,2025-12-04 09:53:00.260,,sleep_excellent_sleep,,,UTC+0000,,5sl+lZ1Pby,com.sec.android.app.shealth,,Sleep.Goal,2025-12-04 23:59:59.999,ad212169-e4c8-43cb-939f-2b4057be7fad,
1,2025-12-06 00:00:00.000,,,1,,2025-12-06 08:16:28.953,2025-12-06 08:16:28.953,,sleep_excellent_sleep,,,UTC+0000,,5sl+lZ1Pby,com.sec.android.app.shealth,,Sleep.Goal,2025-12-06 23:59:59.999,481126e2-ce40-4c30-b38f-c07bdcd9bcb3,
1,2025-12-12 00:00:00.000,,,1,,2025-12-12 14:25:05.730,2025-12-12 14:25:05.730,,sleep_excellent_sleep,,,UTC+0000,,5sl+lZ1Pby,com.sec.android.app.shealth,,Sleep.Goal,2025-12-12 23:59:59.999,1f9a0c55-9264-4ede-a251-2830244c9b6d,
1,2025-12-17 00:00:00.000,,,1,,2025-12-17 07:43:42.972,2025-12-17 07:43:42.972,,sleep_excellent_sleep,,,UTC+0000,,5sl+lZ1Pby,com.sec.android.app.shealth,,Sleep.Goal,2025-12-17 23:59:59.999,b3d10f41-f2ad-4381-80c5-ecc82a79912c,
,2025-12-17 00:00:00.000,,,1,,2025-12-17 07:43:45.198,2025-12-17 07:43:45.198,,vitality_excellent,,,UTC+0000,,5sl+lZ1Pby,com.sec.android.app.shealth,,tracker.vitality,2025-12-17 00:00:00.000,e96c6689-3b3d-4158-8693-6b97b9934e7b,
1,2025-12-25 23:00:00.000,,,1,,2025-12-27 08:08:35.136,2025-12-27 08:08:35.136,,sleep_excellent_sleep,,,UTC+0100,,5sl+lZ1Pby,com.sec.android.app.shealth,,Sleep.Goal,2025-12-26 22:59:59.999,d2c42f82-870b-4820-86f0-49961f01dc4d,
1,2026-01-02 23:00:00.000,,,1,,2026-01-03 07:05:02.637,2026-01-03 07:05:02.637,,sleep_excellent_sleep,,,UTC+0100,,5sl+lZ1Pby,com.sec.android.app.shealth,,Sleep.Goal,2026-01-03 22:59:59.999,ae7fe3ec-1785-481f-b37f-4dbc260348f8,
1,2026-01-04 23:00:00.000,,,1,,2026-01-05 06:49:04.844,2026-01-05 06:49:04.844,,sleep_excellent_sleep,,,UTC+0100,,5sl+lZ1Pby,com.sec.android.app.shealth,,Sleep.Goal,2026-01-05 22:59:59.999,58bec3ab-1084-4a1f-b74a-b5f2049ecd2f,
,2026-01-05 00:00:00.000,,,1,,2026-01-05 06:49:06.686,2026-01-05 06:49:06.686,,vitality_excellent,,,UTC+0000,,5sl+lZ1Pby,com.sec.android.app.shealth,,tracker.vitality,2026-01-05 00:00:00.000,bb203918-9642-42ef-863e-9ae635998a2a,
1,2026-01-07 00:00:00.000,,,1,,2026-01-07 08:17:49.896,2026-01-07 08:17:49.896,,sleep_excellent_sleep,,,UTC+0000,,5sl+lZ1Pby,com.sec.android.app.shealth,,Sleep.Goal,2026-01-07 23:59:59.999,8d4e0dc9-1060-4072-8be7-6751a098efed,
,2026-01-07 00:00:00.000,,,1,,2026-01-07 08:18:20.523,2026-01-07 08:18:20.523,,vitality_excellent,,,UTC+0000,,5sl+lZ1Pby,com.sec.android.app.shealth,,tracker.vitality,2026-01-07 00:00:00.000,788c47e0-888d-4abd-a4c8-dbbd8436ab28,
,2026-01-08 00:00:00.000,,,1,,2026-01-08 05:23:58.948,2026-01-08 05:23:58.948,,vitality_excellent,,,UTC+0000,,5sl+lZ1Pby,com.sec.android.app.shealth,,tracker.vitality,2026-01-08 00:00:00.000,6a21d3fa-7a56-4020-9a2d-4fa43f57c6a8,
1,2026-01-10 00:00:00.000,,,1,,2026-01-10 06:21:06.802,2026-01-10 06:21:06.802,,sleep_excellent_sleep,,,UTC+0000,,5sl+lZ1Pby,com.sec.android.app.shealth,,Sleep.Goal,2026-01-10 23:59:59.999,7a1ba904-1922-41d4-b87d-998f43e8a474,
1,2026-01-11 00:00:00.000,,,1,,2026-01-11 08:05:52.703,2026-01-11 08:05:52.703,,sleep_excellent_sleep,,,UTC+0000,,5sl+lZ1Pby,com.sec.android.app.shealth,,Sleep.Goal,2026-01-11 23:59:59.999,638fb177-744a-458b-851d-9ceeefc87f5a,
1,2026-01-13 00:00:00.000,,,1,,2026-01-13 06:11:23.313,2026-01-13 06:11:23.313,,sleep_excellent_sleep,,,UTC+0000,,5sl+lZ1Pby,com.sec.android.app.shealth,,Sleep.Goal,2026-01-13 23:59:59.999,fd755c76-d2fe-449e-a9c4-ad51b1922cb5,
,2026-01-14 00:00:00.000,,,1,,2026-01-14 06:19:07.608,2026-01-14 06:19:07.608,,vitality_excellent,,,UTC+0000,,5sl+lZ1Pby,com.sec.android.app.shealth,,tracker.vitality,2026-01-14 00:00:00.000,76d9da67-9fd3-4403-8839-a38fabd51fa0,
,2026-01-15 00:00:00.000,,,1,,2026-01-15 06:01:56.869,2026-01-15 06:01:56.869,,vitality_excellent,,,UTC+0000,,5sl+lZ1Pby,com.sec.android.app.shealth,,tracker.vitality,2026-01-15 00:00:00.000,f59a33f8-198c-40e2-ba66-20059bb4ba4b,
,2026-01-17 00:00:00.000,,,1,,2026-01-17 08:03:05.580,2026-01-17 08:03:05.580,,vitality_excellent,,,UTC+0000,,5sl+lZ1Pby,com.sec.android.app.shealth,,tracker.vitality,2026-01-17 00:00:00.000,b70cdb27-abd9-4145-9d14-912b679e18b3,
,2026-01-21 00:00:00.000,,,1,,2026-01-21 06:23:49.241,2026-01-21 06:23:49.241,,vitality_excellent,,,UTC+0000,,5sl+lZ1Pby,com.sec.android.app.shealth,,tracker.vitality,2026-01-21 00:00:00.000,f602751f-779d-47d1-b388-58920e628448,
1,2026-01-25 00:00:00.000,,,1,,2026-01-25 08:39:22.461,2026-01-25 08:39:22.461,,sleep_excellent_sleep,,,UTC+0000,,5sl+lZ1Pby,com.sec.android.app.shealth,,Sleep.Goal,2026-01-25 23:59:59.999,954e7d91-1899-4aa0-b710-6609cbf3dfda,
,2026-01-28 00:00:00.000,,,1,,2026-01-28 06:10:28.084,2026-01-28 06:10:28.084,,vitality_excellent,,,UTC+0000,,5sl+lZ1Pby,com.sec.android.app.shealth,,tracker.vitality,2026-01-28 00:00:00.000,08713780-efd2-45e1-9f9e-e4861e99ec8a,
1,2026-01-29 00:00:00.000,,,1,,2026-01-29 06:45:54.755,2026-01-29 06:45:54.755,,sleep_excellent_sleep,,,UTC+0000,,5sl+lZ1Pby,com.sec.android.app.shealth,,Sleep.Goal,2026-01-29 23:59:59.999,7fb1b416-225a-449c-836c-e7e283e84c82,
1,2026-01-30 00:00:00.000,,,1,,2026-01-30 06:51:59.706,2026-01-30 06:51:59.706,,sleep_excellent_sleep,,,UTC+0000,,5sl+lZ1Pby,com.sec.android.app.shealth,,Sleep.Goal,2026-01-30 23:59:59.999,31501459-edab-44f9-aee0-b3a3dbe639d3,
,2026-01-30 00:00:00.000,,,1,,2026-01-30 06:52:01.573,2026-01-30 06:52:01.573,,vitality_excellent,,,UTC+0000,,5sl+lZ1Pby,com.sec.android.app.shealth,,tracker.vitality,2026-01-30 00:00:00.000,b68b5534-0ca7-4b95-a7d9-46811111392d,
1,2026-02-02 00:00:00.000,,,1,,2026-02-02 06:18:21.793,2026-02-02 06:18:21.793,,sleep_excellent_sleep,,,UTC+0000,,5sl+lZ1Pby,com.sec.android.app.shealth,,Sleep.Goal,2026-02-02 23:59:59.999,491eab8c-97d6-4bf6-a878-2575e42aacf7,
,2026-02-05 00:00:00.000,,,1,,2026-02-05 07:15:33.434,2026-02-05 07:15:33.434,,vitality_excellent,,,UTC+0000,,5sl+lZ1Pby,com.sec.android.app.shealth,,tracker.vitality,2026-02-05 00:00:00.000,3cef8e26-3b22-4067-a513-6034d2dd2d18,
1,2026-02-07 00:00:00.000,,,1,,2026-02-07 07:04:19.377,2026-02-07 07:04:19.377,,sleep_excellent_sleep,,,UTC+0000,,5sl+lZ1Pby,com.sec.android.app.shealth,,Sleep.Goal,2026-02-07 23:59:59.999,9851e620-1d67-4e3a-ae6d-9c0dad57b7d0,
1,2026-02-10 00:00:00.000,,,1,,2026-02-10 06:32:09.758,2026-02-10 06:32:09.758,,sleep_excellent_sleep,,,UTC+0000,,5sl+lZ1Pby,com.sec.android.app.shealth,,Sleep.Goal,2026-02-10 23:59:59.999,a24cefb8-2dcd-46ce-823b-fab25aa15c9f,
1,2026-02-11 00:00:00.000,,,1,,2026-02-11 06:20:30.478,2026-02-11 06:20:30.478,,sleep_excellent_sleep,,,UTC+0000,,5sl+lZ1Pby,com.sec.android.app.shealth,,Sleep.Goal,2026-02-11 23:59:59.999,5679d729-51ae-40a5-9d9c-d2fb300662fa,
,2026-02-11 00:00:00.000,,,1,,2026-02-11 06:20:32.267,2026-02-11 06:20:32.267,,vitality_excellent,,,UTC+0000,,5sl+lZ1Pby,com.sec.android.app.shealth,,tracker.vitality,2026-02-11 00:00:00.000,44ba6607-8159-4d6f-8453-c4bf0405d8b3,
1,2026-02-13 00:00:00.000,,,1,,2026-02-13 07:10:08.093,2026-02-13 07:10:08.093,,sleep_excellent_sleep,,,UTC+0000,,5sl+lZ1Pby,com.sec.android.app.shealth,,Sleep.Goal,2026-02-13 23:59:59.999,1b137f33-a653-4037-8a9c-7db6c137227a,
1,2026-02-14 00:00:00.000,,,1,,2026-02-14 07:11:49.169,2026-02-14 07:11:49.169,,sleep_excellent_sleep,,,UTC+0000,,5sl+lZ1Pby,com.sec.android.app.shealth,,Sleep.Goal,2026-02-14 23:59:59.999,e44eb18d-57a1-49f3-8381-df801eb13cdf,
1,2026-02-18 00:00:00.000,,,1,,2026-02-18 06:37:17.790,2026-02-18 06:37:17.790,,sleep_excellent_sleep,,,UTC+0000,,5sl+lZ1Pby,com.sec.android.app.shealth,,Sleep.Goal,2026-02-18 23:59:59.999,ed2db669-77f1-4cb8-9163-59a4adc85ad0,
,2026-02-18 00:00:00.000,,,1,,2026-02-18 06:37:19.366,2026-02-18 06:37:19.366,,vitality_excellent,,,UTC+0000,,5sl+lZ1Pby,com.sec.android.app.shealth,,tracker.vitality,2026-02-18 00:00:00.000,5c207c0a-946b-49cf-b322-f3ff2e657059,
1,2026-02-23 00:00:00.000,,,1,,2026-02-23 06:42:33.032,2026-02-23 06:42:33.032,,sleep_excellent_sleep,,,UTC+0000,,5sl+lZ1Pby,com.sec.android.app.shealth,,Sleep.Goal,2026-02-23 23:59:59.999,49be0f6b-4e52-493a-b106-f32c2df210b2,
,2026-02-23 00:00:00.000,,,1,,2026-02-23 06:42:34.996,2026-02-23 06:42:34.996,,vitality_excellent,,,UTC+0000,,5sl+lZ1Pby,com.sec.android.app.shealth,,tracker.vitality,2026-02-23 00:00:00.000,fb7e2b41-7129-4169-a768-921d50b48d4a,
1,2026-02-26 00:00:00.000,,,1,,2026-02-26 06:27:42.608,2026-02-26 06:27:42.608,,sleep_excellent_sleep,,,UTC+0000,,5sl+lZ1Pby,com.sec.android.app.shealth,,Sleep.Goal,2026-02-26 23:59:59.999,9614efa2-7725-4d02-a899-2e44fcb208ab,
,2026-02-26 00:00:00.000,,,1,,2026-02-26 06:27:43.907,2026-02-26 06:27:43.907,,vitality_excellent,,,UTC+0000,,5sl+lZ1Pby,com.sec.android.app.shealth,,tracker.vitality,2026-02-26 00:00:00.000,5d5eb3e7-775e-4f33-9c89-c00c37ad7c61,
1,2026-02-27 00:00:00.000,,,1,,2026-02-27 06:44:17.728,2026-02-27 06:44:17.728,,sleep_excellent_sleep,,,UTC+0000,,5sl+lZ1Pby,com.sec.android.app.shealth,,Sleep.Goal,2026-02-27 23:59:59.999,67e7f092-d4e8-4576-aef8-74aa5a5087aa,
,2026-02-27 00:00:00.000,,,1,,2026-02-27 06:44:19.837,2026-02-27 06:44:19.837,,vitality_excellent,,,UTC+0000,,5sl+lZ1Pby,com.sec.android.app.shealth,,tracker.vitality,2026-02-27 00:00:00.000,adf81693-3648-4a87-b1ac-0d1b10a104d2,
8,2026-03-01 00:00:00.000,,,0,,2026-03-21 14:04:55.293,2026-03-01 00:00:01.726,,daily_activity_month_streak_mar,,,UTC+0000,{"a":false},5sl+lZ1Pby,com.sec.android.app.shealth,,tracker.daily_activity,2026-03-21 00:00:00.000,75b5380e-2173-4d53-a79f-c6f326847e50,
1,2026-03-02 00:00:00.000,,,1,,2026-03-02 06:35:58.305,2026-03-02 06:35:58.305,,sleep_excellent_sleep,,,UTC+0000,,5sl+lZ1Pby,com.sec.android.app.shealth,,Sleep.Goal,2026-03-02 23:59:59.999,231a7e9d-9147-4da3-a19d-f59d9f96a0cb,
,2026-03-02 00:00:00.000,,,1,,2026-03-02 06:36:00.382,2026-03-02 06:36:00.382,,vitality_excellent,,,UTC+0000,,5sl+lZ1Pby,com.sec.android.app.shealth,,tracker.vitality,2026-03-02 00:00:00.000,265db665-8abf-4145-9e23-d2a393337833,
,2025-07-21 00:00:00.000,,,1,8a38a28b-d308-4b15-83f2-9786a0ca3367,2026-03-07 07:16:51.851,2026-03-07 07:16:51.851,,sleep_coaching_completion_lion,,,UTC+0000,,5sl+lZ1Pby,com.sec.android.app.shealth,,Sleep.Goal,2025-08-10 00:00:00.000,853ba31e-a131-41f2-bf5d-aa5042cbab27,
1,2026-03-07 00:00:00.000,,,1,,2026-03-07 07:16:52.114,2026-03-07 07:16:52.114,,sleep_excellent_sleep,,,UTC+0000,,5sl+lZ1Pby,com.sec.android.app.shealth,,Sleep.Goal,2026-03-07 23:59:59.999,1971d226-5269-478d-9e12-4338353b5a2d,
,2026-03-07 00:00:00.000,,,1,,2026-03-07 07:16:54.361,2026-03-07 07:16:54.361,,vitality_excellent,,,UTC+0000,,5sl+lZ1Pby,com.sec.android.app.shealth,,tracker.vitality,2026-03-07 00:00:00.000,ecd0cf39-3e6f-451b-a331-41f50c8f4ae1,
1,2026-03-09 00:00:00.000,,,1,,2026-03-09 07:29:16.746,2026-03-09 07:29:16.746,,sleep_excellent_sleep,,,UTC+0000,,5sl+lZ1Pby,com.sec.android.app.shealth,,Sleep.Goal,2026-03-09 23:59:59.999,cad4e032-eff8-4264-9d19-58d74357edc8,
